COD_MUNICIPIO,MUNICIPIO,QTD_INTERNACOES,PERMANENCIA_MEDIA,TAXA_MORTALIDADE_PCT,VALOR_MEDIO_INTERNACAO,QTD_ESTAB_HOSPITALARES,POPULACAO,INTERNACOES_POR_MIL_HAB,internacoes_esperadas,razao_obs_esperado,cluster
351390,Divinolândia,266,17.95,1.5,1617.77,1,11158,23.84,49.609130238612124,5.361916218256232,2
352450,Jaci,180,24.41,1.11,2086.81,1,7613,23.64,33.84784983926816,5.317915343360312,2
352750,Lucianópolis,29,3.83,0.0,1144.26,0,2372,12.23,10.546052780604763,2.7498440035625347,2
351080,Casa Branca,340,12.51,2.94,986.24,1,28083,12.11,124.85868475452091,2.723078500053551,2
351940,Ibirá,139,5.41,6.47,2472.68,1,11690,11.89,51.97443381335147,2.6743918076947466,2
350940,Cajuru,282,4.7,3.19,1480.76,1,23830,11.83,105.94959433465915,2.6616430366807897,2
355695,Vitória Brasil,21,4.62,4.76,1401.7,0,1794,11.71,7.97623047571878,2.632822617642274,2
353215,Nantes,31,4.61,6.45,1723.62,0,2660,11.65,11.82651787369674,2.6212280175001332,2
351512,Emilianópolis,35,2.97,0.0,833.81,0,3014,11.61,13.400422883955631,2.6118578721799603,2
355590,Uru,16,6.25,6.25,2515.12,0,1387,11.54,6.1666843198561585,2.5945871671234193,2
350100,Altinópolis,193,4.33,6.74,1200.83,1,16818,11.48,74.7738261653503,2.581117081974801,2
353300,Nova Granada,221,4.97,1.36,1566.54,1,19419,11.38,86.33802653733723,2.5597064105284786,2
355460,Timburi,28,6.5,0.0,2170.21,0,2464,11.36,10.955090240898034,2.5558894892046755,2
354550,Sandovalina,41,5.98,0.0,875.72,0,3645,11.25,16.20588633444535,2.529944931975437,2
354323,Ribeirão dos Índios,22,7.77,4.55,1883.94,0,2025,10.86,9.00327018580297,2.443556568444569,2
350890,Caiabu,40,5.45,7.5,1442.65,0,3712,10.78,16.50377231096327,2.4236883087285714,2
351535,Euclides da Cunha Paulista,85,4.28,7.06,1047.35,0,7924,10.73,35.23057429743345,2.4126771049029494,2
355570,União Paulista,17,5.06,17.65,1154.24,0,1603,10.61,7.127033139675142,2.3852842644106014,2
351519,Espírito Santo do Turvo,44,4.34,6.82,2105.26,0,4157,10.58,18.48226872216442,2.3806601159972343,2
351900,Herculândia,96,4.73,5.21,1000.96,1,9125,10.52,40.57029157800104,2.3662634964165585,2
354770,Santo Anastácio,188,4.6,5.32,1022.96,1,17963,10.47,79.86456412226111,2.3539851756055308,2
354830,Santo Expedito,31,6.26,3.23,1118.57,0,3000,10.33,13.338178053041439,2.324155508850118,2
354790,Santo Antônio da Alegria,70,4.2,2.86,2162.67,1,6775,10.33,30.12205210311858,2.323878856605284,2
354425,Rosana,180,6.24,8.89,971.42,1,17440,10.32,77.5392750816809,2.321404214965714,2
353520,Palmeira d'Oeste,91,3.01,4.4,746.58,1,8903,10.22,39.58326640207598,2.2989512557060583,2
352910,Marinópolis,19,7.11,5.26,4079.75,0,1860,10.22,8.269670392885692,2.2975522720162456,2
355715,Zacarias,27,6.07,7.41,2004.27,0,2692,10.03,11.968791772929183,2.255866800278718,2
350830,Cabrália Paulista,43,3.16,4.65,598.12,0,4299,10.0,19.113609150008383,2.249705937927539,2
353140,Monte Aprazível,220,4.07,2.27,1335.96,1,22280,9.87,99.05820234058774,2.220916539991136,2
355340,Tanabi,245,4.82,6.12,1958.82,1,25265,9.7,112.32968950336398,2.1810796511875243,2
354120,Presidente Bernardes,139,4.28,5.04,1109.99,1,14490,9.59,64.42339999619014,2.157601120217501,2
354625,Santa Cruz da Esperança,20,3.6,5.0,1271.65,0,2116,9.45,9.407861586745229,2.1258816167297865,2
350020,Adolfo,41,5.49,17.07,1903.41,0,4351,9.42,19.344804236261098,2.1194321482533827,1
354540,Salto Grande,85,3.66,8.24,1118.4,1,9050,9.39,40.236837126675006,2.1124920861050795,2
354900,São Francisco,24,3.25,4.17,949.54,0,2602,9.22,11.56864643133794,2.074572867486654,2
354025,Pontalinda,38,2.61,10.53,850.8,0,4127,9.21,18.348886941634007,2.070970305767006,0
354010,Pongaí,31,6.26,6.45,2501.03,0,3395,9.13,15.094371496691894,2.0537456631959805,2
352040,Ilhabela,316,3.61,4.11,1079.32,1,34934,9.05,155.31863736831653,2.0345272489781765,2
353260,Nhandeara,88,7.53,12.5,1497.98,2,9852,8.93,43.802576726188086,2.009014231059785,2
355720,Chavantes,109,3.18,6.42,795.7,1,12211,8.93,54.29083073522967,2.007705509823212,0
355080,São Sebastião da Grama,93,5.28,6.45,1341.03,1,10441,8.91,46.42130568393522,2.003390439579644,2
352800,Macatuba,150,3.79,6.0,1238.52,1,16829,8.91,74.82273281821146,2.004738324172661,2
350870,Caconde,150,8.17,6.67,1045.24,1,17101,8.77,76.03206096168721,1.9728519535408289,2
350080,Alfredo Marcondes,39,7.44,7.69,1623.06,0,4445,8.77,19.762733815256396,1.9734111871654547,2
350050,Águas de Lindóia,157,4.33,7.64,873.51,1,17930,8.76,79.71784416367765,1.969446134012928,2
355270,Tabatinga,129,3.49,1.55,957.01,1,14769,8.73,65.663850555123,1.9645512547532988,2
351518,Espírito Santo do Pinhal,345,12.83,5.22,1726.92,1,39816,8.66,177.02429911996595,1.9488849932754158,2
353270,Nipoã,41,3.22,4.88,1067.07,0,4750,8.63,21.11878191731561,1.9413998478000987,0
352270,Itápolis,338,3.42,7.99,1504.19,1,39493,8.56,175.5882219495885,1.9249582702479897,0
351990,Iepê,65,3.58,4.62,784.14,1,7619,8.53,33.87452619537424,1.9188460268080776,0
354765,Santa Salete,14,2.71,7.14,892.3,0,1645,8.51,7.313767632417722,1.914198085532012,0
350570,Barueri,2659,3.86,4.55,1093.37,7,316473,8.4,1407.0577409933942,1.889758978990247,0
355580,Urânia,74,4.03,4.05,1410.02,1,8833,8.38,39.272042247505006,1.884292126536946,2
352200,Itaju,30,2.53,10.0,825.77,0,3618,8.29,16.085842731967976,1.8649939888060647,0
353100,Monções,16,3.94,0.0,948.53,0,1937,8.26,8.612016962913755,1.8578690763036567,2
353590,Paranapuã,33,4.67,15.15,2165.04,1,4031,8.19,17.92206524393668,1.8413056503722096,1
352280,Itaporanga,115,3.12,11.3,1097.22,1,14085,8.16,62.62274595902956,1.8363934420128727,0
353657,Paulistânia,17,5.41,0.0,790.27,0,2090,8.13,9.292264043618868,1.8294787922728204,2
350090,Altair,28,3.75,7.14,3009.42,0,3451,8.11,15.343350820348666,1.824894726572101,0
353530,Palmital,159,5.6,5.66,1547.41,1,19594,8.11,87.11608692376464,1.8251508488798518,2
354190,Queluz,74,5.43,2.7,1894.9,1,9159,8.08,40.72145759593551,1.8172237529971442,2
350590,Batatais,471,4.69,5.94,1880.27,1,58402,8.06,259.65875821790866,1.8139191731200197,2
351910,Iacanga,84,5.49,4.76,1310.8,1,10437,8.05,46.403521446531165,1.8102074450705143,2
352920,Martinópolis,200,4.89,5.5,979.09,1,24881,8.04,110.62240271257468,1.807952052168413,2
354040,Populina,33,3.21,12.12,1846.96,1,4127,8.0,18.348886941634007,1.798474212902926,0
355430,Teodoro Sampaio,177,5.0,2.82,861.53,1,22173,7.98,98.58247399002926,1.7954509847044615,2
351260,Coronel Macedo,34,3.47,14.71,634.71,0,4280,7.94,19.029134022339118,1.7867339606776609,0
351690,General Salgado,81,3.46,1.23,1171.53,1,10312,7.85,45.847764027654435,1.7667164739188252,0
350010,Adamantina,272,10.01,6.99,1763.97,1,34687,7.84,154.22046070861612,1.763708905745758,2
350430,Avaí,35,6.26,2.86,2589.69,0,4483,7.81,19.931684070594923,1.7559981322218157,2
350740,Borborema,110,3.93,11.82,1714.12,1,14226,7.73,63.2496403275225,1.7391403244412524,0
353990,Poloni,43,3.88,0.0,1422.33,0,5592,7.69,24.86236389086924,1.7295217859711178,0
351360,Cunha,170,4.47,8.24,1091.78,1,22110,7.69,98.3023722509154,1.729358062347442,0
352070,Indiaporã,31,5.52,3.23,1194.89,1,4035,7.68,17.939849481340733,1.7279966608551065,2
355300,Taguaí,97,3.4,7.22,1419.74,1,12669,7.66,56.327125917993996,1.7220832488634545,0
355380,Taquarituba,186,3.59,7.53,1266.35,1,24350,7.64,108.26154519718634,1.7180615671171304,0
355535,Ubarana,41,5.1,0.0,1899.6,0,5365,7.64,23.853108418189105,1.7188535465145327,2
352950,Mendonça,47,6.17,2.13,2809.97,0,6159,7.63,27.383279542894073,1.7163758609109492,2
354640,Santa Cruz do Rio Pardo,354,4.4,7.34,1539.83,2,46442,7.62,206.48388837978348,1.7144194773632497,0
350260,Aparecida d'Oeste,31,2.45,3.23,2760.02,1,4086,7.59,18.166598508242437,1.7064284205948004,0
352190,Itajobi,129,3.99,9.3,2355.02,1,16989,7.59,75.53410231437367,1.707837864585995,0
350980,Campos Novos Paulista,37,6.84,10.81,2177.93,0,4888,7.57,21.732338107755517,1.7025319510741452,2
355390,Tarabai,49,6.53,0.0,996.28,0,6536,7.5,29.05944391822628,1.686198818459388,2
352740,Lucélia,150,6.91,8.0,1209.38,1,20061,7.48,89.19239664068809,1.6817577018843386,2
354700,Santa Maria da Serra,39,6.31,7.69,1277.19,0,5243,7.44,23.310689177365422,1.6730522080775214,2
355070,São Sebastião,607,4.22,5.11,1149.16,3,81595,7.44,362.77621274597203,1.673207830815086,0
350250,Aparecida,242,4.99,7.85,1665.34,1,32569,7.43,144.80370700316888,1.6712279333753801,0
354080,Potirendaba,137,4.2,5.11,1500.89,1,18496,7.41,82.23431375635147,1.6659712198232899,0
352600,Junqueirópolis,151,4.84,7.28,1163.22,1,20448,7.38,90.91302160953043,1.6609281852773732,0
354920,São João das Duas Pontes,19,4.21,5.26,894.11,0,2580,7.36,11.470833125615636,1.656374893779154,0
354370,Rincão,67,4.12,7.46,1885.82,0,9098,7.36,40.45024797552367,1.6563557296494573,0
353830,Piquerobi,24,5.54,4.17,1302.34,0,3264,7.35,14.511937721709085,1.6538108459559664,2
352320,Itararé,326,2.82,7.36,1147.93,1,44438,7.34,197.5739854403518,1.6500147996377812,0
355465,Torre de Pedra,15,5.47,0.0,1727.39,0,2046,7.33,9.09663743217426,1.64896096077721,2
351070,Cardoso,83,7.69,6.02,2336.97,1,11345,7.32,50.440543337251704,1.645501703759449,2
352970,Miguelópolis,142,3.66,3.52,1287.73,2,19441,7.3,86.43583984305953,1.6428370483566497,0
351050,Caraguatatuba,982,4.59,6.82,1307.91,6,134873,7.28,599.6533628492859,1.6376127623698682,0
351510,Embu-Guaçu,487,4.6,6.37,1468.1,1,66970,7.27,297.75259473739504,1.6355860825646642,0
353900,Pirangi,79,3.8,5.06,1510.76,1,10885,7.26,48.39535603578535,1.632388032057961,0
354500,Salesópolis,110,5.68,11.82,1597.52,0,15202,7.24,67.58899425411198,1.6274839005065949,1
352870,Marabá Paulista,33,6.15,15.15,1698.59,0,4573,7.22,20.331829412186167,1.6230708674065988,1
353250,Neves Paulista,70,4.77,5.71,1931.93,0,9699,7.22,43.12232964548297,1.6232889218992472,0
355440,Terra Roxa,57,4.95,10.53,1590.08,1,7904,7.21,35.14165311041317,1.622006791226044,0
350480,Bálsamo,69,6.52,1.45,2379.22,0,9596,7.19,42.664385532328545,1.6172739660744881,2
352965,Mesópolis,14,4.71,7.14,822.31,0,1952,7.17,8.678707853178963,1.6131433661373769,0
353430,Orlândia,274,3.09,2.55,1057.2,1,38319,7.15,170.3685482714983,1.6082780699836408,0
354930,São João do Pau d'Alho,16,10.63,12.5,1562.12,0,2242,7.14,9.968065064972969,1.6051259593221154,2
351450,Duartina,88,3.83,6.82,781.67,1,12328,7.14,54.81101967929828,1.6055165642765254,0
354380,Rinópolis,66,4.0,7.58,790.28,1,9259,7.13,41.16606353103689,1.6032623559024468,0
353400,Onda Verde,34,3.09,0.0,1431.85,0,4771,7.13,21.2121491636869,1.6028550307483522,0
354750,Santa Rita do Passa Quatro,177,9.08,8.47,1547.5,1,24833,7.13,110.40899186372602,1.603130297743004,2
353740,Pereira Barreto,171,2.68,4.68,648.37,1,24095,7.1,107.12780006267782,1.596224321790909,0
353790,Pilar do Sul,196,3.85,6.63,770.48,1,27619,7.1,122.7957132156505,1.596146924573744,0
352380,Itobi,57,4.51,5.26,1497.05,0,8046,7.08,35.77299353825713,1.5933807703020946,0
351170,Charqueada,110,4.2,8.18,1126.7,1,15535,7.08,69.06953201799958,1.5925980209527684,0
352060,Indiana,36,3.92,13.89,2415.79,0,5090,7.07,22.630442096660307,1.5907775838507683,0
351680,Gastão Vidigal,23,4.43,4.35,916.77,0,3252,7.07,14.45858500949692,1.5907504077952836,0
355210,Socorro,281,3.83,7.12,1250.42,1,40122,7.0,178.38479328137618,1.5752463807649972,0
350580,Bastos,150,3.98,2.67,843.83,1,21503,6.98,95.60361422485,1.568978340580464,0
350130,Álvares Machado,189,5.87,4.23,1380.97,0,27255,6.93,121.17734761188146,1.5596974494387144,2
350150,Alvinlândia,20,5.35,15.0,697.19,0,2885,6.93,12.82688122767485,1.5592254769498193,1
351950,Ibirarema,44,7.84,4.55,4169.42,0,6385,6.89,28.388088956223193,1.5499458264996873,2
353150,Monte Azul Paulista,125,4.74,8.0,1547.07,2,18151,6.89,80.70042328025171,1.5489385918820686,0
355640,Vargem Grande do Sul,276,3.96,6.16,1052.4,1,40133,6.88,178.43369993423735,1.546793011083227,0
350060,Águas de São Pedro,19,2.05,0.0,784.91,0,2780,6.83,12.3600449958184,1.537211232356193,0
354240,Regente Feijó,137,5.64,5.11,1406.85,1,20145,6.8,89.56586562617325,1.5296005798883876,0
352550,Joanópolis,87,6.09,9.2,1365.86,0,12815,6.79,56.976250583242006,1.5269520038510336,0
352640,Laranjal Paulista,178,4.07,6.18,1266.27,1,26261,6.78,116.75796461697374,1.5245212657134928,0
351140,Cerqueira César,145,4.93,8.28,1453.42,1,21469,6.75,95.45244820691555,1.5190809950277915,0
350420,Auriflama,92,3.53,6.52,1472.2,1,13692,6.72,60.87544463408113,1.5112825960123466,0
353280,Nova Aliança,45,6.73,4.44,2909.91,0,6693,6.72,29.75747523633545,1.512225067570673,2
352090,Ipaussu,92,5.96,11.96,1909.96,1,13712,6.71,60.964365821101396,1.5090782748396334,1
352042,Ilha Comprida,90,4.31,10.0,1288.45,0,13419,6.71,59.66167043125435,1.5085062042254287,0
354030,Pontes Gestal,16,6.0,6.25,3105.73,0,2387,6.7,10.612743670869971,1.507621449853449,2
353890,Pirajuí,150,4.95,8.67,903.71,1,22431,6.69,99.72955730259083,1.5040676410994478,0
350520,Bariri,211,3.48,7.58,844.67,1,31595,6.68,140.4732451952814,1.5020653912186235,0
350930,Cajobi,61,4.11,13.11,1309.65,1,9133,6.68,40.60586005280915,1.5022462255612283,0
355050,São Pedro do Turvo,48,2.77,4.17,1565.24,0,7217,6.65,32.087210336266686,1.495923126285236,0
352620,Juquitiba,182,5.37,3.85,1680.51,0,27404,6.64,121.83981045518253,1.4937646350570017,0
354105,Pratânia,34,6.5,2.94,2218.56,0,5126,6.63,22.790500233296804,1.4918496589349177,2
351410,Dois Córregos,162,5.17,5.56,1044.68,1,24510,6.61,108.97291469334854,1.4866079379070523,0
352570,José Bonifácio,242,4.39,9.5,2046.45,1,36633,6.61,162.87249220568899,1.485824872713203,0
352220,Itapecerica da Serra,1047,4.38,5.06,1527.97,2,158522,6.6,704.7982204414116,1.4855315601453551,0
355500,Tupã,421,8.8,7.13,1411.27,3,63928,6.59,284.22768219161105,1.4812068858098923,2
351890,Guzolândia,28,2.82,0.0,522.39,0,4246,6.59,18.877968004404647,1.483210480781988,0
353625,Parisi,19,8.05,5.26,6580.62,0,2892,6.57,12.858003643131946,1.477678847147378,2
354270,Restinga,42,3.31,2.38,1656.63,0,6404,6.56,28.472564083892454,1.4751042398657839,0
352660,Lavrinhas,47,5.72,10.64,1472.17,0,7171,6.55,31.88269160612005,1.4741540827430675,1
351200,Colina,121,3.07,2.48,836.97,1,18486,6.55,82.18985316284135,1.4722011944742714,0
350460,Bady Bassitt,178,5.29,3.93,2927.25,0,27260,6.53,121.19957790863654,1.4686519794168023,0
351980,Icém,51,4.84,7.84,3290.99,0,7819,6.52,34.763738065577,1.4670459173232615,0
350395,Aspásia,12,4.58,16.67,1999.7,0,1842,6.51,8.189641324567443,1.4652656355049605,1
351670,Garça,274,10.24,7.3,1593.38,3,42110,6.51,187.22355927119165,1.4634910321468328,2
352020,Igaratá,69,4.74,1.45,1599.79,0,10605,6.51,47.15045941750149,1.4634003751485891,0
355120,Sarutaiá,24,5.21,12.5,1167.38,0,3704,6.48,16.468203836155162,1.4573538340173526,1
350750,Botucatu,941,5.74,4.25,2444.48,4,145155,6.48,645.36774509641,1.4580834061662413,0
351250,Coroados,35,6.77,2.86,2263.16,0,5400,6.48,24.008720495474588,1.4578036345834073,2
353040,Mirassolândia,30,5.83,6.67,1830.21,0,4669,6.43,20.75865110988349,1.44518060644685,0
351090,Cássia dos Coqueiros,18,2.56,11.11,1702.12,0,2799,6.43,12.444520123487662,1.446419775241231,0
354360,Rifaina,26,1.31,0.0,697.0,0,4049,6.42,18.00209431225493,1.4442764019017773,0
352700,Lindóia,45,4.33,2.22,1791.64,0,7014,6.42,31.184660288010882,1.443017162425223,0
355600,Urupês,88,4.0,5.68,1977.57,1,13744,6.4,61.106639720333845,1.440105369936045,0
350340,Arealva,52,4.71,9.62,1395.53,1,8130,6.4,36.146462523742294,1.4385916731366046,0
350630,Bernardino de Campos,74,4.05,13.51,1430.8,1,11607,6.38,51.605410887217325,1.4339581591884936,1
354810,Santo Antônio do Jardim,39,10.97,0.0,5771.17,0,6126,6.37,27.236559584310616,1.4318989107003666,2
352260,Itapira,459,7.54,10.02,1747.14,2,72022,6.37,320.21408657871683,1.4334160152169508,1
353940,Piratininga,96,7.81,5.21,1618.22,1,15108,6.35,67.17106467511668,1.4291868152502711,2
353620,Pariquera-Açu,122,4.52,9.02,1107.58,1,19233,6.34,85.51105949804867,1.4267160378568808,0
351780,Guaraçaí,47,3.81,2.13,1191.68,1,7441,6.32,33.083127630893784,1.4206637451082564,0
355090,São Simão,85,3.29,9.41,836.54,1,13442,6.32,59.763929796327666,1.4222625635508832,0
350995,Canas,31,3.74,19.35,674.29,0,4931,6.29,21.92351865984911,1.4140065963395567,1
354660,Santa Fé do Sul,219,5.0,5.48,2098.24,1,34794,6.29,154.6961890591746,1.4156780547207133,0
350745,Borebi,17,5.47,0.0,953.84,0,2713,6.27,12.062159019300474,1.4093662645964593,0
353200,Morungaba,86,2.42,5.81,1060.62,2,13720,6.27,60.99993429590951,1.4098375841327246,0
353240,Nazaré Paulista,114,4.39,7.89,1054.96,1,18217,6.26,80.99386319741863,1.4075140448867156,0
352890,Mariápolis,22,5.32,9.09,636.64,0,3513,6.26,15.619006500111524,1.408540293509892,0
354450,Rubinéia,24,3.46,12.5,1151.19,0,3833,6.26,17.041745492435943,1.4083064443517543,0
352350,Itatinga,119,4.72,6.72,1946.03,1,19070,6.24,84.78635182383341,1.4035277782355196,0
350040,Águas da Prata,46,7.41,2.17,1763.16,0,7369,6.24,32.76301135762078,1.4040223439137638,2
354220,Rancharia,178,3.75,10.11,1497.55,1,28588,6.23,127.10394472678288,1.400428604970688,0
350500,Barão de Antonina,22,4.0,13.64,844.47,0,3531,6.23,15.699035568429771,1.4013599691589498,1
351590,Floreal,17,4.29,11.76,1294.55,0,2733,6.22,12.151080206320751,1.3990525707465034,0
350240,Anhumas,25,3.4,8.0,996.76,0,4023,6.21,17.886496769128566,1.3977024300895566,0
353160,Monte Castelo,26,3.85,15.38,1296.33,0,4222,6.16,18.771262579980316,1.3850959619375407,1
354610,Santa Clara d'Oeste,16,7.44,12.5,2017.42,0,2598,6.16,11.550862193933884,1.385177983371895,1
352810,Macaubal,46,3.43,6.52,1365.01,1,7481,6.15,33.26097000493433,1.3830023596177685,0
350220,Angatuba,147,5.04,6.8,1386.28,1,24022,6.12,106.80323773005381,1.376362768809911,0
355510,Tupi Paulista,97,4.33,4.12,1666.96,1,15854,6.12,70.48782495097298,1.3761241755929803,0
351660,Gália,39,6.03,2.56,2228.44,1,6380,6.11,28.365858659468124,1.3748922769514804,2
354970,São José do Rio Pardo,319,4.57,6.27,1266.46,2,52205,6.11,232.1065284196761,1.374368925217003,0
350310,Arandu,42,4.36,7.14,1078.57,2,6885,6.1,30.6111186317301,1.3720504796079127,0
355370,Taquaritinga,318,3.6,4.09,810.41,3,52260,6.08,232.35106168398187,1.3686186656315276,0
351290,Cosmorama,53,4.34,3.77,1595.34,0,8719,6.08,38.76519148148943,1.3672059384849875,0
353000,Mira Estrela,19,5.95,5.26,2128.14,0,3126,6.08,13.898381531269179,1.367065651295655,0
354460,Sabino,31,5.52,0.0,899.06,0,5112,6.06,22.728255402382608,1.3639410263204919,0
355560,Uchoa,63,4.54,4.76,2261.71,0,10394,6.06,46.21234089443757,1.3632722078267,0
354560,Santa Adélia,85,5.91,5.88,2017.61,1,14018,6.06,62.324859982511626,1.363821756259878,0
353190,Morro Agudo,169,3.07,2.96,1302.81,1,27933,6.05,124.19177585186884,1.3607986425894794,0
354680,Santa Isabel,321,5.89,9.66,1354.21,1,53174,6.04,236.4147599308085,1.3577832454028973,1
350440,Avanhandava,68,6.34,7.35,1653.71,0,11263,6.04,50.07596647046857,1.357936846612872,0
351710,Glicério,25,3.28,4.0,1568.6,0,4138,6.04,18.397793594495155,1.3588585974505283,0
352480,Jales,294,5.19,6.8,2248.63,1,48776,6.03,216.86099090504973,1.3557071687859472,0
353350,Novo Horizonte,231,4.51,9.52,2290.86,1,38324,6.03,170.39077856825335,1.3557071687859472,0
352300,Itapura,24,4.96,8.33,600.25,0,3979,6.03,17.69087015768396,1.3566319681327657,0
351960,Ibitinga,362,4.14,3.59,1283.3,2,60033,6.03,266.9102810194122,1.356260982594642,0
350170,Américo Brasiliense,199,4.77,4.02,1777.07,0,33019,6.03,146.80443371112509,1.3555448903647074,0
353630,Patrocínio Paulista,87,5.9,8.05,1895.76,1,14512,6.0,64.52121330191245,1.3483937382408346,0
353330,Nova Luzitânia,17,6.35,0.0,1428.58,0,2837,5.99,12.613470378826186,1.3477654832041572,2
355530,Turmalina,10,3.4,10.0,1708.93,0,1669,5.99,7.420473056842054,1.3476229781306854,0
353380,Óleo,15,5.13,26.67,733.61,0,2512,5.97,11.168501089746698,1.3430629481489536,1
351230,Conchas,91,5.33,7.69,2139.74,1,15232,5.97,67.7223760346424,1.3437213123392227,0
350780,Brodowski,150,4.8,8.67,2151.49,0,25201,5.95,112.0451417048991,1.3387461314035838,0
353660,Paulo de Faria,44,6.0,15.91,2742.62,1,7400,5.95,32.900839197502215,1.3373519057027705,1
353480,Ouro Verde,46,5.96,4.35,1513.29,0,7779,5.91,34.58589569153645,1.3300219375627362,0
352630,Lagoinha,30,4.27,6.67,2932.74,0,5083,5.9,22.599319681203212,1.327473588727197,0
354020,Pontal,222,4.48,4.95,1124.0,1,37607,5.9,167.20295401357643,1.327727738482265,0
350300,Aramina,32,4.91,21.88,3780.58,0,5420,5.9,24.097641682494864,1.3279307752030196,1
355540,Ubatuba,548,4.4,6.57,1583.61,1,92981,5.89,413.39904451661533,1.3255957101709623,0
350335,Arco-Íris,12,10.08,8.33,2560.2,0,2044,5.87,9.087745313472233,1.320459540411026,2
352044,Ilha Solteira,150,5.79,10.67,1193.9,1,25549,5.87,113.5923703590519,1.3205112238248744,1
354130,Presidente Epitácio,231,3.48,6.06,783.42,1,39505,5.85,175.64157466180066,1.3151783707518705,0
355550,Ubirajara,30,3.9,6.67,1099.78,0,5132,5.85,22.817176589402887,1.3147989578137846,0
354160,Promissão,205,4.92,8.29,1115.31,1,35131,5.84,156.19451106046625,1.3124660950514457,0
355260,Tabapuã,66,7.15,10.61,2919.29,1,11323,5.83,50.3427300315294,1.311013525858938,1
350230,Anhembi,33,4.12,3.03,3176.13,0,5674,5.82,25.226940757652372,1.3081253219334468,0
355160,Serra Negra,174,5.39,8.62,2498.42,1,29894,5.82,132.9104982392069,1.3091516645046495,0
354510,Salmourão,28,4.39,3.57,763.05,0,4808,5.82,21.37665335967441,1.3098402041182031,0
350140,Álvaro de Carvalho,28,7.11,3.57,1765.86,0,4808,5.82,21.37665335967441,1.3098402041182031,2
351100,Castilho,116,3.72,7.76,1470.78,1,19977,5.81,88.81892765520293,1.306027927406584,0
351340,Cruzeiro,435,6.68,13.33,1951.52,2,74961,5.8,333.28105501134644,1.3052047017349684,1
352720,Lorena,491,5.26,11.61,1581.6,3,84855,5.79,377.27036623027703,1.3014539278717296,1
354230,Redenção da Serra,26,3.23,7.69,1062.18,0,4494,5.79,19.98059072345607,1.3012628285047392,0
352760,Luís Antônio,71,4.58,5.63,1822.32,0,12265,5.79,54.530917940184416,1.3020136590746685,0
350270,Apiaí,142,3.11,7.04,819.9,1,24585,5.78,109.30636914467458,1.2991008768396024,0
354110,Presidente Alves,22,6.36,9.09,1705.57,1,3804,5.78,16.912809771256544,1.3007891827287725,1
354760,Santa Rosa de Viterbo,135,5.1,5.93,2338.92,1,23411,5.77,104.08669546658436,1.2969957341314573,0
352900,Marília,1369,7.83,8.77,2306.77,8,237627,5.76,1056.5037454033593,1.2957833854884573,1
355610,Valentim Gentil,81,3.84,9.88,2056.08,0,14098,5.75,62.68054473059273,1.2922670080189336,0
354710,Santa Mercedes,17,2.88,11.76,649.37,0,2956,5.75,13.14255144159683,1.2935083477165745,0
351885,Guatapará,42,6.55,2.38,2456.04,0,7320,5.74,32.545154449421105,1.2905146929099018,2
353030,Mirassol,363,4.85,1.93,2184.27,3,63337,5.73,281.60006111516185,1.2890622202370519,0
354805,Santo Antônio do Aracanguá,48,4.08,10.42,2692.44,0,8379,5.73,37.25353130214474,1.2884684571429226,0
351440,Dracena,260,5.43,4.23,1700.05,1,45474,5.72,202.1801029280021,1.28598213293317,0
354650,Santa Ernestina,35,3.31,8.57,1481.79,0,6118,5.72,27.200991109502507,1.2867178206522392,0
353920,Pirapozinho,145,6.06,6.9,1294.07,0,25348,5.72,112.69871242949812,1.286616296443572,0
350670,Boa Esperança do Sul,74,4.0,4.05,2552.48,1,12978,5.7,57.700958257457266,1.2824743684466668,0
352510,Jardinópolis,258,4.62,4.26,1844.79,1,45282,5.7,201.32645953260746,1.281500705863322,0
353860,Piracaia,148,4.44,13.51,1616.52,1,26029,5.69,115.72647884753853,1.2788775868224553,1
353730,Penápolis,350,4.95,10.0,1692.12,2,61679,5.67,274.228494711181,1.2763079211320545,0
355200,Silveiras,35,6.23,11.43,1861.56,0,6186,5.66,27.503323145371443,1.2725734928468155,1
355180,Sete Barras,72,5.47,12.5,1071.1,0,12730,5.66,56.598335538405834,1.2721222155224527,1
352580,Júlio Mesquita,24,7.17,8.33,1878.28,0,4254,5.64,18.91353647921276,1.2689324403385693,1
354880,São Caetano do Sul,935,5.84,8.98,2086.26,7,165655,5.64,736.5119617921931,1.269497372079084,1
350360,Areiópolis,57,5.74,3.51,2702.64,0,10130,5.63,45.038581225769924,1.2655816068954244,0
351020,Capão Bonito,261,3.5,10.73,1310.42,1,46337,5.63,206.01705214792702,1.2668854217591339,0
350070,Agudos,212,6.49,6.6,1438.64,1,37680,5.63,167.52751634620046,1.2654637555892363,0
351750,Guapiaçu,122,5.42,4.92,2677.09,0,21711,5.62,96.5283945698609,1.263876816180802,0
352115,Ipiguá,38,4.66,7.89,1769.06,0,6761,5.62,30.059807272204388,1.264146494882478,0
350925,Cajati,160,5.13,6.25,1314.95,0,28515,5.61,126.77938239415886,1.2620348591268395,0
353010,Mirandópolis,157,5.78,9.55,1070.23,2,27983,5.61,124.41407881941952,1.2619150621038415,1
355330,Tambaú,120,5.85,4.17,1029.61,1,21435,5.6,95.30128218898108,1.259164590902793,0
352530,Jaú,747,7.34,7.5,1661.54,5,133497,5.6,593.535585182291,1.2585597538698137,1
350535,Barra do Chapéu,29,3.79,13.79,990.69,0,5179,5.6,23.026141378900533,1.2594381109191604,1
350550,Barretos,686,6.18,7.0,2328.51,6,122485,5.6,544.5755796089269,1.259696588841963,1
355450,Tietê,211,4.09,7.58,842.06,1,37663,5.6,167.45193333723324,1.2600630867310731,0
350350,Areias,20,5.6,20.0,1089.82,0,3577,5.59,15.903554298576408,1.2575805146771677,1
353950,Pitangueiras,188,3.44,2.13,1117.62,1,33674,5.58,149.71660258603913,1.2557057584309006,0
355010,São Manuel,208,5.14,9.13,2641.7,1,37289,5.58,165.78910713995404,1.2546059484138052,0
355255,Suzanápolis,19,2.16,15.79,1328.97,0,3408,5.58,15.152170268255073,1.2539457822623876,0
353780,Piedade,295,4.13,11.19,880.37,1,52970,5.57,235.50776382320166,1.252612632428797,0
351840,Guaratinguetá,657,6.46,9.28,2058.47,4,118044,5.57,524.8306300310745,1.2518324244168064,1
351385,Dirce Reis,9,14.0,11.11,2064.91,0,1620,5.56,7.2026161486423765,1.2495459725000635,2
351530,Estrela do Norte,15,9.07,6.67,960.43,0,2703,5.55,12.017698425790336,1.248159129023371,2
355040,São Pedro,212,3.55,4.72,1141.94,2,38256,5.54,170.0884465323844,1.2464103489806155,0
351685,Gavião Peixoto,26,5.15,7.69,3008.64,0,4702,5.53,20.905371068466945,1.2436995217567626,0
351000,Cândido Mota,163,5.03,8.59,1675.66,1,29449,5.53,130.93200182800578,1.2449210103280879,0
353550,Paraguaçu Paulista,227,5.07,9.25,1666.13,1,41120,5.52,182.821960513688,1.241645146798458,0
352360,Itirapina,89,4.35,6.74,1465.92,1,16148,5.51,71.79496640017105,1.2396412236469543,0
354910,São João da Boa Vista,509,5.66,11.79,1966.89,4,92547,5.5,411.4694547582753,1.237029855105577,1
352160,Irapuru,39,4.21,7.69,1217.1,1,7085,5.5,31.50033050193286,1.2380822479817144,0
351310,Cravinhos,183,4.77,8.2,2853.99,1,33281,5.5,147.9693012610907,1.2367430165605628,0
354740,Santa Rita d'Oeste,15,4.07,6.67,2178.84,0,2733,5.49,12.151080206320751,1.2344581506586796,0
353500,Palestina,63,5.29,4.76,2315.67,0,11476,5.49,51.022977112234514,1.234737829221917,0
350110,Alto Alegre,21,3.67,4.76,1091.56,1,3841,5.47,17.077313967244056,1.2297015818927985,0
351500,Embu das Artes,1369,5.07,6.14,1419.48,2,250691,5.46,1114.5870647650038,1.2282575702496923,0
352680,Lençóis Paulista,363,4.41,5.79,1344.28,1,66505,5.46,295.6851771391736,1.2276570760567498,0
354430,Roseira,59,4.0,1.69,1123.88,0,10832,5.45,48.15971489018162,1.2250903090796412,0
350690,Bofete,57,5.72,8.77,4072.46,0,10460,5.45,46.50578081160448,1.2256540801004447,0
353475,Ouroeste,56,5.48,3.57,1752.06,1,10294,5.44,45.76773495933619,1.223569399922347,0
353460,Osvaldo Cruz,170,5.57,7.06,1055.76,1,31272,5.44,139.03716802490396,1.2226946392460327,0
355490,Três Fronteiras,37,5.41,0.0,2607.27,0,6804,5.44,30.250987824297983,1.2231005550926546,0
351420,Dolcinópolis,12,9.17,25.0,3723.93,0,2207,5.44,9.812452987687484,1.2229357954690245,1
351630,Francisco Morato,896,5.61,7.03,1041.63,2,165139,5.43,734.21779516707,1.2203463412325994,0
355130,Sebastianópolis do Sul,17,3.24,11.76,1150.23,0,3130,5.43,13.916165768673235,1.2216008549042152,0
351565,Fernão,9,5.78,11.11,936.06,0,1656,5.43,7.362674285278874,1.2223819296196274,1
355290,Taciba,34,3.88,2.94,1077.6,0,6260,5.43,27.83233153734647,1.2216008549042152,0
354925,São João de Iracema,10,1.3,0.0,1280.64,0,1846,5.42,8.2074255619715,1.218408857259,0
355150,Serrana,237,4.45,5.91,1818.26,2,43909,5.4,195.2220200436655,1.2140023955647523,0
350880,Cafelândia,90,4.63,7.78,1175.18,1,16654,5.4,74.04467243178404,1.2154824519335312,0
352460,Jacupiranga,87,4.94,4.6,1405.87,0,16097,5.4,71.56821737326935,1.2156234036995088,0
353600,Parapuã,57,7.28,8.77,1149.48,1,10580,5.39,47.039307933726136,1.2117525215359783,1
350970,Campos do Jordão,253,5.38,7.91,1126.49,4,46974,5.39,208.84919195452284,1.211400425504596,0
351460,Dumont,51,4.06,5.88,1810.18,0,9471,5.38,42.10862811345182,1.2111532074279994,0
354140,Presidente Prudente,1211,5.73,4.95,1443.19,11,225668,5.37,1003.3333216245851,1.2069767582712827,0
350945,Campina do Monte Alegre,32,4.28,9.38,666.91,0,5954,5.37,26.47183737593624,1.2088318444071826,0
350990,Cananéia,66,5.48,13.64,1721.8,0,12289,5.37,54.63762336460874,1.2079588374400483,1
350530,Barra Bonita,184,4.38,13.59,1156.11,1,34346,5.36,152.70435446992042,1.2049427184883859,1
353540,Panorama,80,6.3,3.75,1227.36,1,14964,5.35,66.5308321285707,1.2024500136327796,0
351740,Guaíra,210,3.41,5.71,1408.94,1,39279,5.35,174.63676524847156,1.2024959332086458,0
354320,Ribeirão do Sul,25,5.76,0.0,3041.93,0,4677,5.35,20.7942195846916,1.2022571897050003,0
354420,Riolândia,55,4.38,5.45,1264.29,1,10309,5.34,45.834425849601395,1.1999713966195196,0
352265,Itapirapuã Paulista,23,3.09,4.35,744.41,0,4306,5.34,19.144731565465477,1.2013749015676412,0
353020,Mirante do Paranapanema,85,5.94,4.71,1618.24,0,15917,5.34,70.76792669008685,1.2011090896055143,0
351470,Echaporã,33,7.21,9.09,1687.15,0,6205,5.32,27.587798273040708,1.1961809954311646,1
354150,Presidente Venceslau,187,4.94,5.35,1308.27,1,35201,5.31,156.50573521503722,1.194844391760238,0
353470,Ourinhos,552,4.43,8.33,2225.79,2,103970,5.31,462.25679072490607,1.1941414622257027,0
354075,Potim,108,5.7,7.41,2263.89,0,20392,5.3,90.66404228587368,1.1912109506375652,0
354290,Ribeirão Bonito,58,4.66,5.17,1693.53,1,10989,5.28,48.857746208290784,1.1871198428338032,0
352990,Miracatu,98,4.19,8.16,1345.57,0,18553,5.28,82.48773913935926,1.1880553524983086,0
355680,Viradouro,92,2.96,6.52,1215.54,1,17414,5.28,77.42367753855453,1.1882669865970514,0
354980,São José do Rio Preto,2530,5.91,4.78,2283.76,14,480393,5.27,2135.8557898115787,1.1845369018210692,1
351220,Conchal,148,3.84,6.08,741.36,1,28101,5.27,124.93871382283916,1.184580787423995,0
352790,Lutécia,14,6.29,0.0,1320.75,0,2661,5.26,11.830963933047755,1.1833355320180985,0
352215,Itaoca,18,2.72,11.11,595.23,0,3422,5.26,15.214415099169267,1.1830885303624212,0
353220,Narandiba,30,4.43,6.67,1094.06,0,5713,5.25,25.40033707234191,1.1810866885174764,0
351160,Cesário Lange,100,4.57,14.0,1077.62,1,19048,5.25,84.6885385181111,1.1807973280659987,1
353960,Planalto,23,3.78,4.35,2603.77,0,4389,5.24,19.513754491599624,1.1786558045455144,0
354995,São Lourenço da Serra,84,2.82,7.14,1196.28,0,16067,5.23,71.43483559273893,1.175896875844959,0
351930,Ibaté,168,4.21,7.14,2022.93,1,32178,5.22,143.06529779692247,1.1742889616633079,0
351330,Cruzália,11,4.55,0.0,482.91,0,2108,5.22,9.372293111937116,1.173672213259073,0
353205,Motuca,21,2.1,0.0,868.98,0,4034,5.21,17.93540342198972,1.1708685612420031,0
351380,Diadema,2046,5.65,5.62,1392.66,2,393237,5.2,1748.3550410146188,1.1702428580024853,0
350790,Brotas,124,4.04,8.06,1101.46,1,23898,5.19,106.2519263705281,1.1670376644991804,0
355140,Serra Azul,66,7.23,10.61,3186.2,2,12746,5.18,56.66947248802205,1.1646482153852782,1
355230,Sud Mennucci,38,4.79,2.63,1051.46,1,7355,5.17,32.700766526706595,1.1620522708226286,0
350055,Águas de Santa Bárbara,37,5.7,2.7,2203.95,0,7177,5.16,31.909367962226135,1.159534091800254,0
351210,Colômbia,34,3.74,11.76,1426.43,1,6629,5.13,29.472927437870563,1.153601048680101,0
355000,São Luiz do Paraitinga,53,5.66,5.66,2712.75,1,10337,5.13,45.95891551142978,1.1532038867805559,0
352880,Maracaí,65,8.62,6.15,2524.01,1,12673,5.13,56.344910155398054,1.153609080584766,2
353110,Mongaguá,317,5.27,7.26,923.04,1,61951,5.12,275.4378228546567,1.150894952314791,0
354280,Ribeira,16,5.19,6.25,3168.8,0,3132,5.11,13.925057887375262,1.149007790804656,0
350120,Álvares Florence,20,3.55,5.0,1572.91,0,3915,5.11,17.40632235921908,1.1490077908046559,0
352150,Irapuã,35,4.11,14.29,2253.42,0,6867,5.1,30.531089563411854,1.1463724518349205,1
354730,Santana de Parnaíba,784,4.6,3.44,1119.66,1,154105,5.09,685.1599762879836,1.1442583150398038,0
350635,Bertioga,327,5.0,10.09,1023.05,1,64188,5.09,285.3836576228746,1.1458259478618082,0
353210,Murutinga do Sul,19,5.84,5.26,1674.58,1,3737,5.08,16.61492379473862,1.1435502343993087,0
350640,Bilac,37,4.16,5.41,2159.95,1,7319,5.06,32.540708390070094,1.1370373243408147,0
352520,Jarinu,190,3.74,4.74,1306.74,0,37535,5.06,166.88283774030344,1.1385233051685673,0
352560,João Ramalho,22,5.27,0.0,1310.74,0,4371,5.03,19.433725423281377,1.1320526312286092,0
353700,Pedregulho,78,3.69,6.41,1276.93,1,15525,5.02,69.02507142448945,1.1300241838261442,0
352590,Jundiaí,2224,6.16,5.58,1197.98,13,443221,5.02,1970.5868716156929,1.1285977959330118,1
354515,Saltinho,41,3.76,7.32,1152.92,0,8161,5.02,36.284290363623725,1.1299656018932078,0
350760,Bragança Paulista,887,4.3,8.68,1448.07,4,176811,5.02,786.1121999121033,1.1283376598139263,0
354570,Santa Albertina,32,6.47,15.63,3543.83,1,6393,5.01,28.423657431031305,1.1258227438761716,1
353910,Pirapora do Bom Jesus,92,7.05,4.35,1489.77,0,18370,5.01,81.67411027812375,1.126427942547689,0
350710,Bom Jesus dos Perdões,110,4.35,9.09,1592.01,1,22006,5.0,97.83998207840996,1.1242847521358383,0
351720,Guaiçara,56,5.02,7.14,1031.53,0,11239,4.98,49.96926104604424,1.120688976136724,0
355710,Votuporanga,481,4.7,5.2,1552.75,3,96634,4.98,429.6404993258688,1.119540640965452,0
352710,Lins,372,5.93,11.29,1202.22,4,74779,4.97,332.4718722094619,1.1188916449618778,1
355365,Taquaral,13,2.92,0.0,1244.44,0,2619,4.96,11.644229440305175,1.116432827663287,0
352930,Matão,391,5.19,11.25,1718.5,1,79033,4.95,351.38540868867466,1.1127382934287509,1
350190,Amparo,336,6.09,10.71,1931.03,2,68008,4.94,302.36760434374736,1.1112301555229362,1
353130,Monte Alto,235,5.09,6.81,2305.73,2,47574,4.94,211.51682756513114,1.111022714860064,0
350540,Barra do Turvo,34,6.24,2.94,2163.99,0,6876,4.94,30.571104097570977,1.112161336780161,0
354170,Quatá,65,4.45,7.69,1609.2,0,13163,4.94,58.52347923739482,1.1106653405949056,0
355645,Vargem Grande Paulista,248,3.6,6.45,1187.94,0,50415,4.92,224.14808218136136,1.106411429384168,0
353284,Nova Canaã Paulista,10,9.4,0.0,811.56,0,2032,4.92,9.034392601260068,1.1068812748524184,2
352470,Jaguariúna,292,5.75,4.45,1890.46,1,59347,4.92,263.86028430461675,1.1066462721721964,0
352730,Louveira,255,3.89,6.27,881.25,1,51847,4.92,230.51483917201313,1.1062194560486223,0
353580,Paranapanema,95,3.24,3.16,1134.22,0,19395,4.9,86.2313211129129,1.1016878643852068,0
351920,Iacri,30,3.97,10.0,1598.69,0,6131,4.89,27.258789881065685,1.1005624288860452,0
353610,Pardinho,35,4.83,5.71,1735.45,0,7153,4.89,31.802662537801805,1.1005367855096322,0
352210,Itanhaém,549,5.03,6.19,1433.41,2,112476,4.88,500.0749715646296,1.0978353871266426,0
350730,Boracéia,23,5.78,4.35,2557.63,0,4715,4.88,20.96316984003013,1.0971623173171288,0
351830,Guararema,152,4.06,8.55,914.03,1,31236,4.87,138.87710988826746,1.0944928226277928,0
352670,Leme,477,4.95,9.01,1197.68,2,98161,4.86,436.42963195486686,1.0929597008878826,0
352885,Marapoama,16,6.88,6.25,1161.19,0,3292,4.86,14.636427383537471,1.0931629407047943,0
353880,Piraju,143,4.64,6.99,1830.97,1,29436,4.86,130.87420305644258,1.0926523077915353,0
351350,Cubatão,545,5.67,7.71,1708.81,1,112476,4.85,500.0749715646296,1.0898365864918402,0
354070,Porto Ferreira,255,3.52,9.8,1331.8,1,52649,4.84,234.08057877152623,1.089368461656497,0
353650,Paulínia,535,4.97,3.18,1341.86,1,110537,4.84,491.4540624830138,1.0886063232379757,0
353170,Monteiro Lobato,20,3.2,0.0,1444.35,0,4138,4.83,18.397793594495155,1.0870868779604226,0
354325,Ribeirão Grande,36,3.78,2.78,1081.22,0,7450,4.83,33.123142165052904,1.086853409637639,0
350450,Avaré,448,4.45,2.46,1607.76,2,92805,4.83,412.61653807083684,1.0857538626410768,0
351540,Fartura,80,3.9,8.75,1348.7,1,16641,4.81,73.98687366022085,1.081272880475988,0
351760,Guapiara,82,3.51,3.66,824.12,1,17071,4.8,75.8986791811568,1.0803877074630037,0
351400,Dobrada,42,5.12,7.14,1431.71,0,8759,4.8,38.94303385552998,1.0784984075922457,0
355730,Estiva Gerbi,54,3.89,5.56,1384.1,0,11295,4.78,50.218240369701014,1.0753064942630028,0
353640,Paulicéia,38,6.37,5.26,1234.85,0,7955,4.78,35.36840213731488,1.0744053365053972,0
351600,Flórida Paulista,62,4.1,8.06,995.9,1,12958,4.78,57.61203707043698,1.0761639954546,0
353390,Olímpia,263,4.3,7.22,1744.43,1,55074,4.78,244.8622726977347,1.0740731804145878,0
354690,Santa Lúcia,34,3.85,8.82,1691.05,0,7149,4.76,31.784878300397747,1.0696910549308138,0
355310,Taiaçu,27,5.67,11.11,2725.42,0,5677,4.76,25.240278935705412,1.0697187645499928,1
355280,Taboão da Serra,1298,5.45,5.78,1580.82,3,273542,4.75,1216.1839669950205,1.0672727442766186,0
354490,Sales Oliveira,54,2.96,0.0,1555.11,1,11411,4.73,50.73398325441861,1.0643753266760685,0
350315,Arapeí,11,4.55,9.09,1300.46,0,2330,4.72,10.359318287862182,1.0618459337125004,0
355660,Vera Cruz,48,6.81,6.25,1298.52,0,10176,4.72,45.243099955916556,1.0609352596698653,0
352610,Juquiá,81,4.48,9.88,1237.02,0,17154,4.72,76.26770210729094,1.0620485180745556,0
353230,Natividade da Serra,33,3.58,0.0,1414.71,0,6999,4.71,31.117969397745675,1.060480508165506,0
355020,São Miguel Arcanjo,151,5.15,9.27,1060.51,0,32039,4.71,142.44729554713155,1.0600411851977816,0
350030,Aguaí,151,4.85,8.61,1220.97,1,32072,4.71,142.59401550571502,1.0589504718306224,0
352430,Jaboticabal,338,4.49,6.8,1793.78,1,71821,4.71,319.32042864916303,1.0584978901282893,0
351060,Carapicuíba,1814,5.16,5.95,1427.3,2,386984,4.69,1720.5538318927292,1.0543116793994602,0
351700,Getulina,48,7.1,6.25,1311.0,1,10232,4.69,45.49207927957333,1.0551287336200692,1
354620,Santa Cruz da Conceição,20,4.15,5.0,1245.62,0,4277,4.68,19.015795844286075,1.051757189852754,0
352770,Luiziânia,22,3.91,13.64,3261.99,1,4701,4.68,20.900925009115934,1.0525849927888218,1
351520,Estrela d'Oeste,44,4.27,6.82,985.38,1,9417,4.67,41.868540908497074,1.0509083680790594,0
351810,Guarantã,30,8.87,6.67,1147.86,0,6427,4.67,28.574823448965773,1.0498752530730266,1
352420,Jaborandi,29,4.86,13.79,1528.43,1,6221,4.66,27.65893522265693,1.048485770205808,1
353120,Monte Alegre do Sul,40,4.68,7.5,1722.63,0,8627,4.64,38.35615402119616,1.0428574245972477,0
354530,Salto de Pirapora,202,4.43,4.46,974.52,2,43748,4.62,194.5062044881523,1.0385272826209724,0
353370,Ocauçu,20,9.35,10.0,3831.7,0,4331,4.62,19.255883049240822,1.0386436160240657,1
352050,Indaiatuba,1181,5.2,4.83,1388.43,4,255748,4.62,1137.0707869030805,1.0386336660856137,0
352725,Lourdes,9,3.0,11.11,1497.74,0,1950,4.62,8.669815734476936,1.0380843463846678,0
350400,Assis,468,4.57,5.77,1640.97,5,101409,4.61,450.87043272695973,1.0379922168979612,0
352390,Itu,776,11.02,6.44,2086.31,3,168240,4.61,748.0050252145638,1.0374261854422782,2
351640,Franco da Rocha,663,6.36,6.18,1480.17,2,144849,4.58,644.0072509349998,1.0294915143228989,0
350200,Analândia,21,4.67,9.52,1184.11,0,4589,4.58,20.402966361802388,1.0292620998148267,0
350660,Biritiba Mirim,136,5.42,11.03,1676.72,0,29683,4.58,131.97237971614302,1.030518660741891,1
353680,Pedra Bela,30,2.37,3.33,930.7,0,6557,4.58,29.15281116459757,1.029060279319863,0
353670,Pederneiras,205,5.89,7.8,1733.83,2,44827,4.57,199.30350252789617,1.02858202389748,1
355495,Tuiuti,31,3.29,12.9,1441.34,0,6778,4.57,30.13539028117162,1.0286908419224483,0
351120,Catiguá,32,10.84,0.0,2865.6,0,7003,4.57,31.13575363514973,1.0277573613594697,2
351800,Guarani d'Oeste,9,3.67,11.11,880.22,0,1968,4.57,8.749844802795183,1.0285896724848085,0
355360,Tapiratiba,54,6.87,16.67,2642.69,1,11816,4.57,52.53463729157921,1.0278932678318058,1
354310,Ribeirão Corrente,21,2.1,9.52,1197.41,0,4608,4.56,20.48744148947165,1.0250181805664582,0
353320,Nova Independência,21,5.0,19.05,1711.2,0,4609,4.56,20.491887548822664,1.024795785647698,1
353810,Pindorama,66,6.59,7.58,2947.59,0,14542,4.54,64.65459508244287,1.0208091152042877,1
350600,Bauru,1716,6.58,6.06,1523.94,16,379146,4.53,1685.705618699483,1.017971335543088,1
351320,Cristais Paulista,42,3.62,7.14,1915.58,0,9272,4.53,41.22386230260007,1.018827389139396,0
354480,Sales,29,3.83,17.24,1618.39,0,6437,4.51,28.61928404247591,1.0133027771400236,1
350960,Campo Limpo Paulista,348,3.61,11.78,1041.6,1,77632,4.48,345.1564795379043,1.0082383516771947,0
352230,Itapetininga,707,5.59,11.74,1301.9,1,157790,4.48,701.5437049964695,1.007777555360657,1
351110,Catanduva,519,6.74,6.74,2671.33,9,115791,4.48,514.8136583132404,1.008131761112314,1
352410,Ituverava,168,4.02,4.17,1603.97,2,37571,4.47,167.04289587693995,1.0057296906763706,0
353360,Nuporanga,33,5.24,9.09,1313.62,1,7391,4.46,32.86082466334309,1.004235296529614,0
352250,Itapevi,1037,5.73,6.56,1402.09,4,232297,4.46,1032.8062490624557,1.0040605398557099,0
351130,Cedral,56,4.04,8.93,1564.89,0,12618,4.44,56.10037689109229,0.9982107626248724,0
354400,Rio das Pedras,139,3.77,11.51,1408.04,2,31328,4.44,139.28614734856072,0.997945615166994,0
351860,Guariba,166,4.55,10.24,1538.05,1,37498,4.43,166.71833354431595,0.9956913344258865,0
350900,Caieiras,421,4.77,4.99,877.9,4,95032,4.43,422.51791224554466,0.9964074606033211,0
350510,Barbosa,25,4.24,16.0,1098.65,0,5640,4.43,25.075774739717904,0.996978169547923,1
350700,Boituva,270,3.9,9.63,1025.76,1,61081,4.42,271.56975121927474,0.994219712570244,0
351620,Franca,1557,5.87,8.09,1930.25,4,352536,4.42,1567.3959793690053,0.9933673561079374,1
352830,Magda,14,3.43,7.14,1606.12,0,3165,4.42,14.071777845958717,0.9948991629384392,0
354340,Ribeirão Preto,3085,5.36,5.64,2015.7,18,698642,4.42,3106.203797110992,0.9931737263566823,1
353710,Pedreira,190,5.58,10.53,1623.98,1,43112,4.41,191.67851074090748,0.9912430937906423,1
355170,Sertãozinho,560,4.37,4.64,1875.17,3,126887,4.41,564.1471328720896,0.9926488452560657,0
354200,Quintana,31,5.06,9.68,1138.39,0,7038,4.4,31.291365712435216,0.99068862269826,0
355520,Turiúba,8,3.25,0.0,690.28,0,1818,4.4,8.082935900143111,0.9897393841584662,0
353820,Pinhalzinho,67,4.63,10.45,1933.93,0,15224,4.4,67.68680755983428,0.9898531547786893,0
355670,Vinhedo,335,4.43,6.87,1264.42,1,76540,4.38,340.30138272659724,0.9844215069473977,0
354600,Santa Branca,61,3.61,6.56,1692.17,1,13975,4.36,62.13367943041803,0.9817541880537172,0
351970,Ibiúna,330,4.72,10.0,1377.88,1,75605,4.36,336.1443172333993,0.9817211925997457,0
353770,Piacatu,24,4.42,0.0,1573.22,0,5519,4.35,24.53780155824523,0.9780827325965346,0
353870,Piracicaba,1840,4.52,5.82,2019.43,6,423323,4.35,1882.1191826492202,0.9776214051493092,0
353510,Palmares Paulista,42,5.17,0.0,1609.76,0,9650,4.35,42.90447273728329,0.9789189173161119,0
352850,Mairiporã,408,5.04,7.35,1324.12,1,93853,4.35,417.2760082706994,0.9777700896125288,0
350680,Bocaina,49,6.27,14.29,1267.06,1,11259,4.35,50.058182233064514,0.9788609536771081,1
352440,Jacareí,1041,4.58,9.61,1890.75,5,240275,4.33,1068.2769105648438,0.9744664418980831,1
355060,São Roque,343,4.56,10.5,1122.87,3,79484,4.32,353.3905814559819,0.9705974578802516,1
354050,Porangaba,45,7.18,6.67,2502.52,0,10451,4.31,46.465766277445354,0.9684549207971022,1
353325,Novais,19,7.53,10.53,3467.49,0,4412,4.31,19.61601385667294,0.9685963794084809,1
351495,Embaúba,10,4.4,10.0,5097.83,0,2323,4.3,10.328195872405088,0.9682233105898037,0
353290,Nova Europa,40,2.28,7.5,1531.24,1,9311,4.3,41.39725861728961,0.9662475568682695,0
354260,Registro,257,4.8,5.06,1369.25,2,59947,4.29,266.527919915225,0.9642517004662942,0
350210,Andradina,256,4.04,11.33,1044.05,2,59783,4.28,265.7987661816588,0.9631346438419437,1
353570,Paraíso,26,2.5,11.54,1469.19,0,6099,4.26,27.116515981833242,0.9588252420561235,0
353850,Piquete,53,4.62,7.55,1436.8,0,12490,4.24,55.531281294162525,0.9544170198279107,0
350370,Ariranha,32,5.31,12.5,4462.56,1,7602,4.21,33.79894318640701,0.9467751646409319,1
354820,Santo Antônio do Pinhal,30,9.53,10.0,3110.31,0,7133,4.21,31.713741350781525,0.9459621830226193,1
354780,Santo André,3153,4.65,7.83,1680.44,12,748919,4.21,3329.7383231019135,0.9469212574826997,1
355400,Tatuí,521,4.96,8.64,1606.91,2,123942,4.2,551.053488083354,0.9454617587343754,0
353070,Mogi Guaçu,644,6.31,6.68,1710.27,3,153658,4.19,683.1725877580805,0.9426607734853203,1
353560,Paraibuna,74,4.95,10.81,1894.36,1,17667,4.19,78.54853055436104,0.9420927352522128,1
354250,Reginópolis,32,9.38,18.75,2488.64,0,7662,4.18,34.065706747467836,0.9393611069695073,1
353060,Mogi das Cruzes,1881,6.28,7.81,1788.01,10,451505,4.17,2007.4180272794915,0.937024563114631,1
354630,Santa Cruz das Palmeiras,120,3.55,5.83,1248.46,1,28864,4.16,128.3310571076627,0.9350815204407348,0
355475,Trabiju,7,2.86,0.0,566.0,0,1682,4.16,7.478271828405233,0.9360451399227586,0
353420,Orindiúva,25,3.76,0.0,1351.63,0,6024,4.15,26.783061530507204,0.9334257762699678,0
352080,Inúbia Paulista,15,7.2,13.33,1224.24,0,3615,4.15,16.072504553914932,0.933270850829923,1
351010,Cândido Rodrigues,12,3.83,8.33,909.98,0,2889,4.15,12.844665465078904,0.9342399794392998,0
352540,Jeriquara,16,2.94,6.25,1273.46,0,3863,4.14,17.175127272966357,0.9315797050997109,0
353050,Mococa,279,4.75,6.09,1308.41,1,67681,4.12,300.91374293596584,0.9271759982706105,0
350860,Cachoeira Paulista,130,4.68,6.15,1173.98,0,31564,4.12,140.33541735539998,0.9263520389209696,0
350560,Barrinha,132,5.08,6.06,2020.3,0,32092,4.11,142.68293669273527,0.9251281411754179,0
350320,Araraquara,995,4.44,6.73,1545.73,6,242228,4.11,1076.9600644773739,0.9238968396500873,0
352290,Itapuí,56,5.09,12.5,1742.08,1,13659,4.1,60.728724675497666,0.9221336410279405,1
351300,Cotia,1125,4.62,6.22,1433.92,2,274413,4.1,1220.0564846897532,0.9220884558357763,0
355635,Vargem,43,4.86,13.95,1497.86,0,10512,4.09,46.7369758978572,0.9200424112586083,1
350950,Campinas,4649,5.94,6.07,2199.27,37,1139047,4.08,5064.27056559423,0.9179999251194227,1
353440,Osasco,2967,5.45,7.65,1553.14,10,728615,4.07,3239.4655340389295,0.9158918250013846,1
350810,Buritama,70,5.2,10.0,3191.65,1,17210,4.07,76.51668143094771,0.9148331931145148,1
352330,Itariri,63,7.05,15.87,2079.69,0,15528,4.06,69.03840960254249,0.912535505419289,1
351850,Guareí,61,5.18,9.84,1866.55,0,15013,4.06,66.74868903677037,0.9138756263272295,1
354990,São José dos Campos,2826,5.13,9.06,1538.64,16,697054,4.05,3099.143454861582,0.9118648559384672,1
355110,Sarapuí,42,6.62,21.43,1614.61,0,10369,4.05,46.10118941066222,0.911039401302004,1
355030,São Paulo,46260,6.44,6.87,1834.03,227,11451999,4.04,50916.26724175083,0.9085504988092934,1
351550,Fernandópolis,286,5.44,6.64,1741.04,2,71186,4.02,316.49718096126924,0.9036415399699839,0
352980,Mineiros do Tietê,45,5.49,4.44,1707.28,0,11230,4.01,49.92924651188512,0.9012753675200813,0
352130,Ipuã,58,2.69,1.72,786.25,1,14454,4.01,64.26334185955365,0.9025363188667955,0
353080,Mogi Mirim,370,9.06,3.78,1622.71,2,92558,4.0,411.5183614111365,0.8991093343471577,2
351820,Guararapes,123,4.67,7.32,2476.22,1,31043,3.96,138.0190204335218,0.8911815169652225,0
355470,Torrinha,37,5.7,5.41,1726.91,1,9335,3.96,41.503964041713935,0.8914811116069014,0
355690,Vista Alegre do Alto,32,2.66,3.13,1656.97,0,8109,3.95,36.05309527737101,0.8875798250832859,0
350275,Araçariguama,85,5.11,1.18,1891.28,0,21522,3.95,95.68808935251928,0.8883028240521778,0
352310,Itaquaquecetuba,1460,6.21,7.26,1373.1,2,369275,3.95,1641.8185668456256,0.889257820250536,1
352120,Iporanga,16,11.13,12.5,11600.23,0,4046,3.95,17.988756134201886,0.88944448858136,1
351880,Guarulhos,5078,8.65,9.18,1575.96,17,1291771,3.93,5743.290533918464,0.8841621314489627,1
352585,Jumirim,12,5.58,0.0,675.38,0,3056,3.93,13.587157376698212,0.8831869439136574,0
354890,São Carlos,1000,5.32,8.0,2565.32,5,254857,3.92,1133.1093480213274,0.8825273586756942,1
355190,Severínia,57,3.61,8.77,1831.29,1,14576,3.91,64.80576110037734,0.8795514323443091,0
350840,Cabreúva,184,4.72,3.8,1958.38,1,47011,3.91,209.01369615051033,0.8803250858140033,0
351480,Eldorado,51,4.47,7.84,1143.09,0,13069,3.9,58.10554965839952,0.8777130635511962,0
355395,Tarumã,58,4.91,6.9,2041.36,0,14882,3.9,66.16625526178757,0.876579757619988,0
351610,Florínea,15,11.2,13.33,2012.5,0,3851,3.9,17.12177456075419,0.8760774151519533,1
352000,Igaraçu do Tietê,90,5.57,14.44,1280.21,1,23106,3.9,102.73064736452515,0.8760774151519531,1
354330,Ribeirão Pires,449,4.87,8.24,1390.73,3,115559,3.89,513.7821725438051,0.8739112098361455,0
351190,Clementina,27,2.63,7.41,525.77,1,6982,3.87,31.04238638877844,0.8697784913134214,0
351370,Descalvado,123,3.15,6.5,1512.99,1,31756,3.87,141.18906075079462,0.8711723085763764,0
351770,Guará,72,4.85,4.17,1998.62,1,18606,3.87,82.723380284963,0.8703706225734076,0
355100,São Vicente,1278,5.45,10.56,1518.08,3,329911,3.87,1466.803886552318,0.8712821200684868,1
354090,Pradópolis,66,6.44,6.06,1886.86,0,17078,3.86,75.92980159661388,0.8692239227837426,0
350390,Arujá,334,6.16,5.99,2135.52,2,86678,3.85,385.37553242717524,0.866687093226699,0
353760,Peruíbe,263,5.55,11.03,1472.34,2,68352,3.85,303.89704876049615,0.8654246596756935,1
350410,Atibaia,608,4.86,8.39,1257.85,3,158647,3.83,705.3539778602883,0.8619785513145976,0
351270,Corumbataí,16,5.38,6.25,1536.89,1,4195,3.81,18.651218977502943,0.8578527773063607,0
352370,Itirapuã,22,4.0,4.55,2327.22,0,5779,3.81,25.693776989508823,0.856238458401151,0
352340,Itatiba,463,3.46,4.1,1062.92,3,121590,3.81,540.5963564897695,0.856461562202116,0
355700,Votorantim,488,4.55,7.99,1685.59,2,127923,3.81,568.75325035974,0.8580170745245621,0
354800,Santo Antônio de Posse,88,6.16,1.14,1962.87,0,23244,3.79,103.34420355496506,0.851523326639176,0
355410,Taubaté,1177,6.02,8.67,2365.96,8,310739,3.79,1381.5640366746811,0.8519330040125747,1
354210,Rafard,34,3.94,5.88,1043.04,0,8965,3.79,39.85892208183883,0.853008516642542,0
350610,Bebedouro,289,4.35,10.38,1735.41,4,76373,3.78,339.55889081497793,0.8511042055366858,1
353750,Pereiras,33,6.45,3.03,3012.37,0,8737,3.78,38.84522054980768,0.8495253607245482,0
353800,Pindamonhangaba,618,6.09,7.28,1686.34,2,165428,3.74,735.502706319513,0.8402416397520799,1
350770,Braúna,20,5.0,0.0,2582.67,0,5356,3.73,23.813093884029982,0.8398740666542622,0
353310,Nova Guataporanga,8,3.25,0.0,2128.34,0,2156,3.71,9.58570396078578,0.8345761597403021,0
354000,Pompéia,75,5.15,2.67,1022.33,1,20196,3.71,89.79261465307495,0.835258003008064,0
354950,São José da Bela Vista,28,5.89,10.71,2322.29,0,7626,3.67,33.905648610831335,0.8258210990559035,1
350650,Birigui,436,5.86,5.28,2050.14,2,118979,3.66,528.9876955242723,0.8242157685121323,0
351015,Canitar,23,4.13,8.7,1269.95,0,6283,3.66,27.934590902419785,0.823351953867621,0
350330,Araras,478,9.78,3.56,1538.86,4,130866,3.65,581.8380030297736,0.8215345122026,1
353970,Platina,11,9.27,9.09,2910.02,0,3025,3.64,13.449329536816784,0.817884636545496,1
353720,Pedro de Toledo,41,4.44,14.63,817.08,1,11281,3.63,50.15599553878682,0.817449630090459,1
354960,São José do Barreiro,14,3.93,21.43,641.65,0,3853,3.63,17.13066667945622,0.8172478200623307,1
355350,Tapiraí,29,7.03,10.34,1900.58,1,7996,3.63,35.55069057070644,0.8157366153639735,1
352010,Igarapava,95,3.81,8.42,1075.79,1,26212,3.62,116.54010770877406,0.8151700034240457,0
351925,Iaras,29,4.97,3.45,2504.15,0,8010,3.62,35.61293540162064,0.8143108584831874,0
352030,Iguape,105,3.7,6.67,1082.4,0,29115,3.61,129.44701800476716,0.8111426714838125,0
353340,Nova Odessa,223,5.97,6.28,1602.13,1,62019,3.6,275.7401548905256,0.8087324100058458,0
354940,São Joaquim da Barra,175,4.26,5.71,1351.78,1,48558,3.6,215.8917499665287,0.8105914192049096,0
354870,São Bernardo do Campo,2915,6.1,6.42,2039.32,19,810729,3.6,3604.5492515880774,0.8087002830425251,1
353180,Monte Mor,232,6.1,8.19,1793.33,1,64662,3.59,287.49108975525513,0.8069815318363591,1
351570,Ferraz de Vasconcelos,641,6.05,9.2,1588.83,1,179198,3.58,796.7249435829732,0.8045436573346652,1
351490,Elias Fausto,63,3.92,11.11,1383.62,0,17699,3.56,78.69080445359347,0.8006018039522413,0
352500,Jandira,418,4.86,4.31,1108.61,1,118045,3.54,524.8350760904254,0.7964406706841017,0
352400,Itupeva,250,3.36,3.6,1038.1,1,70616,3.54,313.9629271311914,0.7962723570083672,0
352820,Macedônia,14,4.93,0.0,662.79,0,3963,3.53,17.61973320806774,0.7945636766843704,0
350910,Caiuá,19,4.05,0.0,630.74,0,5466,3.48,24.302160412641502,0.7818234954171637,0
351515,Engenheiro Coelho,68,5.74,10.29,2561.77,0,19566,3.48,86.99159726193626,0.7816846930083193,1
353980,Poá,361,5.57,9.42,1368.45,1,103765,3.48,461.3453485579482,0.7824940711516806,1
351730,Guaimbê,19,9.47,0.0,1945.92,0,5512,3.45,24.506679142788137,0.7752988436049014,2
351907,Hortolândia,813,5.52,9.1,2060.64,2,236641,3.44,1052.1199308832597,0.7727255953772139,1
350820,Buritizal,15,2.47,0.0,616.77,0,4356,3.44,19.36703453301617,0.7745119664256591,0
350075,Alambari,21,2.76,0.0,452.76,0,6141,3.42,27.303250474575822,0.7691391916707767,0
350180,Américo de Campos,20,3.75,5.0,1125.97,0,5870,3.41,26.09836839045108,0.7663314311755075,0
350920,Cajamar,316,6.16,6.01,1210.83,1,92689,3.41,412.1007951861193,0.7668026941255555,0
352650,Lavínia,33,7.55,9.09,1290.0,0,9689,3.41,43.07786905197283,0.7660546059088014,1
354410,Rio Grande da Serra,150,5.41,2.67,1977.24,0,44170,3.4,196.3824415342801,0.7638157404913225,0
355420,Tejupá,14,3.57,7.14,516.1,0,4127,3.39,18.348886941634007,0.7629890600194232,0
351905,Holambra,51,5.37,7.84,1790.18,0,15094,3.38,67.10881984420249,0.7599597209189468,0
352180,Itaí,85,8.0,5.88,2255.33,1,25180,3.38,111.9517744585278,0.7592554956017066,1
354850,Santos,1414,5.89,8.84,2221.31,19,418608,3.38,1861.15601280919,0.7597428642565746,1
355630,Valparaíso,82,4.71,4.88,1795.76,1,24241,3.38,107.77692472792583,0.7608307641640583,0
354180,Queiroz,11,6.09,0.0,1294.68,0,3265,3.37,14.516383781060098,0.7577644794946786,0
352110,Ipeúna,23,3.83,4.35,2014.57,0,6831,3.37,30.371031426775353,0.7573005893939779,0
351580,Flora Rica,5,2.4,0.0,684.1,0,1487,3.36,6.611290254957539,0.7562820277404554,0
351240,Cordeirópolis,82,6.26,3.66,1769.64,0,24514,3.35,108.99069893075261,0.7523577773558349,0
355240,Sumaré,935,5.46,4.17,2063.0,3,279545,3.34,1242.8736612791563,0.7522888521410173,0
354580,Santa Bárbara d'Oeste,611,4.57,4.26,1489.5,3,183347,3.33,815.1716438303296,0.7495353949372336,0
350720,Borá,3,6.0,66.67,4117.12,0,907,3.31,4.032575831369528,0.7439413728225295,1
351870,Guarujá,945,6.75,9.63,2143.9,3,287634,3.29,1278.837835369507,0.7389521750636601,1
354520,Salto,442,4.68,10.86,1579.77,2,134319,3.29,597.1902459688242,0.7401326511670356,1
354060,Porto Feliz,186,4.53,6.45,1314.93,1,56497,3.29,251.18901515422738,0.7404782406021935,0
352960,Meridiano,15,2.8,13.33,1027.91,0,4572,3.28,20.32738335283515,0.7379208499016123,0
352170,Itaberá,59,3.69,10.17,1455.68,1,17983,3.28,79.95348530928139,0.7379290567731009,0
353450,Oscar Bressane,8,3.25,0.0,497.47,0,2470,3.24,10.981766597004118,0.72848024307696,0
352860,Manduri,32,5.09,9.38,2536.4,1,9871,3.24,43.88705185385734,0.7291444434809408,1
354470,Sagres,8,4.63,0.0,450.68,0,2474,3.23,10.999550834408172,0.7273024253840304,0
352940,Mauá,1346,5.96,6.46,1550.16,4,418261,3.22,1859.6132302143883,0.7238064228252583,1
353090,Mombuca,12,4.5,8.33,724.43,0,3722,3.22,16.548232904473412,0.7251529555615628,0
353715,Pedrinhas Paulista,9,3.78,44.44,2639.29,0,2804,3.21,12.46675042024273,0.7219202836840595,1
351430,Dourado,26,4.38,23.08,1838.74,2,8096,3.21,35.99529650580783,0.7223165947752342,1
355250,Suzano,971,5.55,6.49,1650.83,5,307429,3.16,1366.8475802228256,0.7103937659542888,1
354300,Ribeirão Branco,58,5.5,13.79,1751.75,1,18627,3.11,82.81674753133429,0.7003414373168337,1
351030,Capela do Alto,71,6.55,5.63,1612.44,0,22866,3.11,101.66359312028185,0.6983817689386342,0
352690,Limeira,907,4.31,6.62,2156.48,4,291869,3.11,1297.6668967210503,0.6989467037279067,0
350470,Balbinos,12,5.58,0.0,593.63,0,3887,3.09,17.28183269739069,0.694370800257303,0
355650,Várzea Paulista,358,3.73,7.54,1374.47,2,115771,3.09,514.7247371262201,0.6955173788591623,0
351790,Guaraci,32,4.16,9.38,2205.98,0,10350,3.09,46.01671428299296,0.6953994977391658,0
352240,Itapeva,277,6.02,8.66,2634.37,3,89728,3.09,398.9360134477674,0.6943469395155711,1
355220,Sorocaba,2216,5.01,9.43,1888.0,14,723682,3.06,3217.533123260378,0.6887263984883213,1
355320,Taiúva,20,5.1,5.0,2094.85,0,6548,3.05,29.112796630438446,0.6869831247709572,0
354100,Praia Grande,1063,5.94,8.94,1851.06,2,349935,3.04,1555.8317789970185,0.6832358191611646,1
354390,Rio Claro,610,4.49,5.9,2233.82,5,201418,3.03,895.5163823625,0.6811712348474663,0
353930,Pirassununga,222,5.66,11.26,1425.1,1,73545,3.02,326.98543497031085,0.6789293230145155,1
354720,Santana da Ponte Pensa,5,6.2,0.0,1286.89,0,1670,2.99,7.424919116193068,0.6734080091317707,0
354440,Rubiácea,8,14.88,12.5,1495.42,0,2700,2.96,12.004360247737294,0.6664245186667005,1
354165,Quadra,10,1.6,0.0,766.16,0,3405,2.94,15.138832090202031,0.6605529370044388,0
355480,Tremembé,150,6.78,5.33,1493.16,1,51173,2.93,227.51819516942984,0.6592879303050772,1
352840,Mairinque,145,4.44,4.14,1239.89,0,50027,2.9,222.423011153168,0.6519109657235425,0
351040,Capivari,144,4.74,10.42,1492.43,2,50068,2.88,222.60529958655957,0.6468848687225702,1
353690,Pedranópolis,8,1.0,12.5,1690.44,0,2787,2.87,12.391167411275495,0.6456211698600974,0
351492,Elisiário,9,5.11,11.11,823.96,0,3138,2.87,13.951734243481344,0.6450810947897078,1
355620,Valinhos,362,5.27,11.33,1838.56,1,126373,2.86,561.8618583656686,0.6442864818284296,1
350290,Araçoiaba da Serra,92,4.39,7.61,1259.42,2,32443,2.84,144.24350352494113,0.6378103536849566,0
354840,Santópolis do Aguapeí,11,5.09,0.0,3936.67,0,3899,2.82,17.335185409602854,0.6345475828546104,0
353410,Oriente,17,4.88,0.0,1026.0,0,6085,2.79,27.05427115091905,0.6283665860066054,0
351280,Cosmópolis,166,6.12,1.2,1817.18,2,59773,2.78,265.75430558814867,0.6246371046844209,0
353490,Pacaembu,41,8.78,14.63,1720.86,1,14877,2.76,66.14402496503249,0.6198594660919855,1
350280,Araçatuba,542,8.54,11.44,3449.91,7,200124,2.71,889.7631815622882,0.6091508518573794,1
354670,Santa Gertrudes,64,5.22,6.25,3178.14,0,23611,2.71,104.97590733678713,0.609663699258851,0
351560,Fernando Prestes,16,3.44,12.5,2916.0,0,5942,2.69,26.418484663724072,0.6056365534837064,1
350160,Americana,630,9.34,8.89,2151.13,5,237240,2.66,1054.7831204345168,0.5972791826062519,1
352100,Iperó,96,5.29,7.29,2042.28,1,36459,2.63,162.0988778786126,0.5922311200197783,0
350850,Caçapava,249,4.29,6.43,1502.22,3,96202,2.59,427.7198016862308,0.582156820933586,0
352490,Jambeiro,16,3.88,0.0,1002.95,0,6397,2.5,28.44144166843536,0.5625593873378432,0
350800,Buri,49,5.22,10.2,2749.37,1,20250,2.42,90.0327018580297,0.5442466902444721,1
350490,Bananal,24,6.54,16.67,770.92,1,9969,2.41,44.32276567025669,0.5414824557327992,1
354860,São Bento do Sapucaí,28,7.71,10.71,2128.29,1,11674,2.4,51.90329686373524,0.5394647679801542,1
351150,Cerquilho,106,3.92,7.55,1353.89,1,44695,2.37,198.71662269356236,0.5334229143148274,0
354085,Pracinha,6,4.33,16.67,1168.35,0,2578,2.33,11.461941006913609,0.5234715478278,1
350380,Artur Nogueira,116,6.72,0.0,2532.26,2,51456,2.25,228.77642996576677,0.5070452407066488,0
350715,Bom Sucesso de Itararé,8,5.0,25.0,3116.94,0,3555,2.25,15.805740992854103,0.5061452040506587,1
354350,Riversul,12,9.42,8.33,5407.43,0,5599,2.14,24.893486306326338,0.48205381328811164,1
352140,Iracemápolis,47,5.91,4.26,2468.92,0,21967,2.14,97.66658576372042,0.4812290675718367,0
352780,Lupércio,8,6.0,25.0,736.59,0,3981,2.01,17.699762276385986,0.4519834715900758,1
350115,Alumínio,33,3.36,6.06,1063.76,0,17301,1.91,76.92127283188998,0.42901006165252736,0
353286,Nova Castilho,2,2.0,0.0,487.94,0,1062,1.88,4.721715030776669,0.4235749059322249,0
350775,Brejo Alegre,4,2.0,0.0,462.6,0,2565,1.56,11.40414223535043,0.3507497466666845,0
350620,Bento de Abreu,4,2.75,0.0,1482.12,0,2606,1.53,11.586430668741995,0.34523142755182107,0
355385,Taquarivaí,10,4.4,20.0,1801.05,0,6876,1.45,30.571104097570977,0.3271062755235768,1
353282,Nova Campina,12,5.17,8.33,1200.23,0,8497,1.41,37.77816630556437,0.31764379199719156,1
351650,Gabriel Monteiro,3,1.67,0.0,267.49,0,2763,1.09,12.284461986851163,0.24421093925082676,0
