"COD_MUNICIPIO","MUNICIPIO","QTD_INTERNACOES","PERMANENCIA_MEDIA","TAXA_MORTALIDADE_PCT","VALOR_MEDIO_INTERNACAO","QTD_ESTAB_HOSPITALARES","POPULACAO","INTERNACOES_POR_MIL_HAB"
"353760","Peruíbe",263,5.55,11.03,1472.34,0,68352,3.85
"350190","Amparo",336,6.09,10.71,1931.03,0,68008,4.94
"351020","Capão Bonito",261,3.5,10.73,1310.42,0,46337,5.63
"350660","Biritiba Mirim",136,5.42,11.03,1676.72,0,29683,4.58
"353600","Parapuã",57,7.28,8.77,1149.48,0,10580,5.39
"353510","Palmares Paulista",42,5.17,0,1609.76,0,9650,4.35
"355490","Três Fronteiras",37,5.41,0,2607.27,0,6804,5.44
"355420","Tejupá",14,3.57,7.14,516.1,0,4127,3.39
"351620","Franca",1557,5.87,8.09,1930.25,0,352536,4.42
"352690","Limeira",907,4.31,6.62,2156.48,0,291869,3.11
"352470","Jaguariúna",292,5.75,4.45,1890.46,0,59347,4.92
"353550","Paraguaçu Paulista",227,5.07,9.25,1666.13,0,41120,5.52
"353640","Paulicéia",38,6.37,5.26,1234.85,0,7955,4.78
"352870","Marabá Paulista",33,6.15,15.15,1698.59,0,4573,7.22
"351420","Dolcinópolis",12,9.17,25,3723.93,0,2207,5.44
"352260","Itapira",459,7.54,10.02,1747.14,0,72022,6.37
"354410","Rio Grande da Serra",150,5.41,2.67,1977.24,0,44170,3.4
"351220","Conchal",148,3.84,6.08,741.36,0,28101,5.27
"352140","Iracemápolis",47,5.91,4.26,2468.92,0,21967,2.14
"355300","Taguaí",97,3.4,7.22,1419.74,0,12669,7.66
"350690","Bofete",57,5.72,8.77,4072.46,0,10460,5.45
"350535","Barra do Chapéu",29,3.79,13.79,990.69,0,5179,5.6
"350995","Canas",31,3.74,19.35,674.29,0,4931,6.29
"350730","Boracéia",23,5.78,4.35,2557.63,0,4715,4.88
"350820","Buritizal",15,2.47,0,616.77,0,4356,3.44
"353210","Murutinga do Sul",19,5.84,5.26,1674.58,0,3737,5.08
"354340","Ribeirão Preto",3085,5.36,5.64,2015.7,0,698642,4.42
"350850","Caçapava",249,4.29,6.43,1502.22,0,96202,2.59
"350390","Arujá",334,6.16,5.99,2135.52,0,86678,3.85
"352410","Ituverava",168,4.02,4.17,1603.97,0,37571,4.47
"350580","Bastos",150,3.98,2.67,843.83,0,21503,6.98
"353620","Pariquera-Açu",122,4.52,9.02,1107.58,0,19233,6.34
"355090","São Simão",85,3.29,9.41,836.54,0,13442,6.32
"355730","Estiva Gerbi",54,3.89,5.56,1384.1,0,11295,4.78
"353610","Pardinho",35,4.83,5.71,1735.45,0,7153,4.89
"352160","Irapuru",39,4.21,7.69,1217.1,0,7085,5.5
"355200","Silveiras",35,6.23,11.43,1861.56,0,6186,5.66
"353380","Óleo",15,5.13,26.67,733.61,0,2512,5.97
"350760","Bragança Paulista",887,4.3,8.68,1448.07,0,176811,5.02
"350170","Américo Brasiliense",199,4.77,4.02,1777.07,0,33019,6.03
"355160","Serra Negra",174,5.39,8.62,2498.42,0,29894,5.82
"352620","Juquitiba",182,5.37,3.85,1680.51,0,27404,6.64
"350810","Buritama",70,5.2,10,3191.65,0,17210,4.07
"354170","Quatá",65,4.45,7.69,1609.2,0,13163,4.94
"351600","Flórida Paulista",62,4.1,8.06,995.9,0,12958,4.78
"351070","Cardoso",83,7.69,6.02,2336.97,0,11345,7.32
"351492","Elisiário",9,5.11,11.11,823.96,0,3138,2.87
"352050","Indaiatuba",1181,5.2,4.83,1388.43,0,255748,4.62
"354730","Santana de Parnaíba",784,4.6,3.44,1119.66,0,154105,5.09
"353740","Pereira Barreto",171,2.68,4.68,648.37,0,24095,7.1
"351850","Guareí",61,5.18,9.84,1866.55,0,15013,4.06
"352760","Luís Antônio",71,4.58,5.63,1822.32,0,12265,5.79
"355560","Uchoa",63,4.54,4.76,2261.71,0,10394,6.06
"351290","Cosmorama",53,4.34,3.77,1595.34,0,8719,6.08
"354805","Santo Antônio do Aracanguá",48,4.08,10.42,2692.44,0,8379,5.73
"351660","Gália",39,6.03,2.56,2228.44,0,6380,6.11
"353000","Mira Estrela",19,5.95,5.26,2128.14,0,3126,6.08
"355100","São Vicente",1278,5.45,10.56,1518.08,0,329911,3.87
"351040","Capivari",144,4.74,10.42,1492.43,0,50068,2.88
"350840","Cabreúva",184,4.72,3.8,1958.38,0,47011,3.91
"353300","Nova Granada",221,4.97,1.36,1566.54,0,19419,11.38
"353580","Paranapanema",95,3.24,3.16,1134.22,0,19395,4.9
"355290","Taciba",34,3.88,2.94,1077.6,0,6260,5.43
"353370","Ocauçu",20,9.35,10,3831.7,0,4331,4.62
"354165","Quadra",10,1.6,0,766.16,0,3405,2.94
"353690","Pedranópolis",8,1,12.5,1690.44,0,2787,2.87
"355540","Ubatuba",548,4.4,6.57,1583.61,0,92981,5.89
"354530","Salto de Pirapora",202,4.43,4.46,974.52,0,43748,4.62
"355010","São Manuel",208,5.14,9.13,2641.7,0,37289,5.58
"353630","Patrocínio Paulista",87,5.9,8.05,1895.76,0,14512,6
"354860","São Bento do Sapucaí",28,7.71,10.71,2128.29,0,11674,2.4
"350360","Areiópolis",57,5.74,3.51,2702.64,0,10130,5.63
"355390","Tarabai",49,6.53,0,996.28,0,6536,7.5
"350745","Borebi",17,5.47,0,953.84,0,2713,6.27
"350160","Americana",630,9.34,8.89,2151.13,0,237240,2.66
"354300","Ribeirão Branco",58,5.5,13.79,1751.75,0,18627,3.11
"350880","Cafelândia",90,4.63,7.78,1175.18,0,16654,5.4
"351230","Conchas",91,5.33,7.69,2139.74,0,15232,5.97
"353660","Paulo de Faria",44,6,15.91,2742.62,0,7400,5.95
"351470","Echaporã",33,7.21,9.09,1687.15,0,6205,5.32
"354450","Rubinéia",24,3.46,12.5,1151.19,0,3833,6.26
"355410","Taubaté",1177,6.02,8.67,2365.96,0,310739,3.79
"351870","Guarujá",945,6.75,9.63,2143.9,0,287634,3.29
"352440","Jacareí",1041,4.58,9.61,1890.75,0,240275,4.33
"354880","São Caetano do Sul",935,5.84,8.98,2086.26,0,165655,5.64
"353240","Nazaré Paulista",114,4.39,7.89,1054.96,0,18217,6.26
"351519","Espírito Santo do Turvo",44,4.34,6.82,2105.26,0,4157,10.58
"350720","Borá",3,6,66.67,4117.12,0,907,3.31
"352340","Itatiba",463,3.46,4.1,1062.92,0,121590,3.81
"350635","Bertioga",327,5,10.09,1023.05,0,64188,5.09
"352840","Mairinque",145,4.44,4.14,1239.89,0,50027,2.9
"354660","Santa Fé do Sul",219,5,5.48,2098.24,0,34794,6.29
"351310","Cravinhos",183,4.77,8.2,2853.99,0,33281,5.5
"352170","Itaberá",59,3.69,10.17,1455.68,0,17983,3.28
"350115","Alumínio",33,3.36,6.06,1063.76,0,17301,1.91
"352130","Ipuã",58,2.69,1.72,786.25,0,14454,4.01
"355385","Taquarivaí",10,4.4,20,1801.05,0,6876,1.45
"351270","Corumbataí",16,5.38,6.25,1536.89,0,4195,3.81
"352080","Inúbia Paulista",15,7.2,13.33,1224.24,0,3615,4.15
"352590","Jundiaí",2224,6.16,5.58,1197.98,0,443221,5.02
"353870","Piracicaba",1840,4.52,5.82,2019.43,0,423323,4.35
"352390","Itu",776,11.02,6.44,2086.31,0,168240,4.61
"350010","Adamantina",272,10.01,6.99,1763.97,0,34687,7.84
"355020","São Miguel Arcanjo",151,5.15,9.27,1060.51,0,32039,4.71
"353920","Pirapozinho",145,6.06,6.9,1294.07,0,25348,5.72
"350800","Buri",49,5.22,10.2,2749.37,0,20250,2.42
"354240","Regente Feijó",137,5.64,5.11,1406.85,0,20145,6.8
"353680","Pedra Bela",30,2.37,3.33,930.7,0,6557,4.58
"354700","Santa Maria da Serra",39,6.31,7.69,1277.19,0,5243,7.44
"352060","Indiana",36,3.92,13.89,2415.79,0,5090,7.07
"352580","Júlio Mesquita",24,7.17,8.33,1878.28,0,4254,5.64
"353160","Monte Castelo",26,3.85,15.38,1296.33,0,4222,6.16
"351512","Emilianópolis",35,2.97,0,833.81,0,3014,11.61
"354100","Praia Grande",1063,5.94,8.94,1851.06,0,349935,3.04
"352040","Ilhabela",316,3.61,4.11,1079.32,0,34934,9.05
"353140","Monte Aprazível",220,4.07,2.27,1335.96,0,22280,9.87
"352280","Itaporanga",115,3.12,11.3,1097.22,0,14085,8.16
"355660","Vera Cruz",48,6.81,6.25,1298.52,0,10176,4.72
"355690","Vista Alegre do Alto",32,2.66,3.13,1656.97,0,8109,3.95
"353625","Parisi",19,8.05,5.26,6580.62,0,2892,6.57
"354925","São João de Iracema",10,1.3,0,1280.64,0,1846,5.42
"350600","Bauru",1716,6.58,6.06,1523.94,0,379146,4.53
"354910","São João da Boa Vista",509,5.66,11.79,1966.89,0,92547,5.5
"352400","Itupeva",250,3.36,3.6,1038.1,0,70616,3.54
"354260","Registro",257,4.8,5.06,1369.25,0,59947,4.29
"351080","Casa Branca",340,12.51,2.94,986.24,0,28083,12.11
"354750","Santa Rita do Passa Quatro",177,9.08,8.47,1547.5,0,24833,7.13
"350100","Altinópolis",193,4.33,6.74,1200.83,0,16818,11.48
"353500","Palestina",63,5.29,4.76,2315.67,0,11476,5.49
"352790","Lutécia",14,6.29,0,1320.75,0,2661,5.26
"351350","Cubatão",545,5.67,7.71,1708.81,0,112476,4.85
"352850","Mairiporã",408,5.04,7.35,1324.12,0,93853,4.35
"355670","Vinhedo",335,4.43,6.87,1264.42,0,76540,4.38
"354060","Porto Feliz",186,4.53,6.45,1314.93,0,56497,3.29
"354020","Pontal",222,4.48,4.95,1124,0,37607,5.9
"350860","Cachoeira Paulista",130,4.68,6.15,1173.98,0,31564,4.12
"355270","Tabatinga",129,3.49,1.55,957.01,0,14769,8.73
"354290","Ribeirão Bonito",58,4.66,5.17,1693.53,0,10989,5.28
"350075","Alambari",21,2.76,0,452.76,0,6141,3.42
"355550","Ubirajara",30,3.9,6.67,1099.78,0,5132,5.85
"355520","Turiúba",8,3.25,0,690.28,0,1818,4.4
"351580","Flora Rica",5,2.4,0,684.1,0,1487,3.36
"350610","Bebedouro",289,4.35,10.38,1735.41,0,76373,3.78
"351510","Embu-Guaçu",487,4.6,6.37,1468.1,0,66970,7.27
"353340","Nova Odessa",223,5.97,6.28,1602.13,0,62019,3.6
"352320","Itararé",326,2.82,7.36,1147.93,0,44438,7.34
"353790","Pilar do Sul",196,3.85,6.63,770.48,0,27619,7.1
"354050","Porangaba",45,7.18,6.67,2502.52,0,10451,4.31
"353170","Monteiro Lobato",20,3.2,0,1444.35,0,4138,4.83
"354960","São José do Barreiro",14,3.93,21.43,641.65,0,3853,3.63
"350500","Barão de Antonina",22,4,13.64,844.47,0,3531,6.23
"351840","Guaratinguetá",657,6.46,9.28,2058.47,0,118044,5.57
"352610","Juquiá",81,4.48,9.88,1237.02,0,17154,4.72
"351940","Ibirá",139,5.41,6.47,2472.68,0,11690,11.89
"350630","Bernardino de Campos",74,4.05,13.51,1430.8,0,11607,6.38
"355260","Tabapuã",66,7.15,10.61,2919.29,0,11323,5.83
"350510","Barbosa",25,4.24,16,1098.65,0,5640,4.43
"354990","São José dos Campos",2826,5.13,9.06,1538.64,0,697054,4.05
"352220","Itapecerica da Serra",1047,4.38,5.06,1527.97,0,158522,6.6
"355700","Votorantim",488,4.55,7.99,1685.59,0,127923,3.81
"350990","Cananéia",66,5.48,13.64,1721.8,0,12289,5.37
"354230","Redenção da Serra",26,3.23,7.69,1062.18,0,4494,5.79
"354040","Populina",33,3.21,12.12,1846.96,0,4127,8
"354625","Santa Cruz da Esperança",20,3.6,5,1271.65,0,2116,9.45
"354390","Rio Claro",610,4.49,5.9,2233.82,0,201418,3.03
"352230","Itapetininga",707,5.59,11.74,1301.9,0,157790,4.48
"355710","Votuporanga",481,4.7,5.2,1552.75,0,96634,4.98
"354130","Presidente Epitácio",231,3.48,6.06,783.42,0,39505,5.85
"350270","Apiaí",142,3.11,7.04,819.9,0,24585,5.78
"354710","Santa Mercedes",17,2.88,11.76,649.37,0,2956,5.75
"354720","Santana da Ponte Pensa",5,6.2,0,1286.89,0,1670,2.99
"354980","São José do Rio Preto",2530,5.91,4.78,2283.76,0,480393,5.27
"352240","Itapeva",277,6.02,8.66,2634.37,0,89728,3.09
"352720","Lorena",491,5.26,11.61,1581.6,0,84855,5.79
"355500","Tupã",421,8.8,7.13,1411.27,0,63928,6.59
"352270","Itápolis",338,3.42,7.99,1504.19,0,39493,8.56
"351820","Guararapes",123,4.67,7.32,2476.22,0,31043,3.96
"352800","Macatuba",150,3.79,6,1238.52,0,16829,8.91
"353520","Palmeira d'Oeste",91,3.01,4.4,746.58,0,8903,10.22
"350260","Aparecida d'Oeste",31,2.45,3.23,2760.02,0,4086,7.59
"352200","Itaju",30,2.53,10,825.77,0,3618,8.29
"351495","Embaúba",10,4.4,10,5097.83,0,2323,4.3
"355465","Torre de Pedra",15,5.47,0,1727.39,0,2046,7.33
"353100","Monções",16,3.94,0,948.53,0,1937,8.26
"354870","São Bernardo do Campo",2915,6.1,6.42,2039.32,0,810729,3.6
"351100","Castilho",116,3.72,7.76,1470.78,0,19977,5.81
"352550","Joanópolis",87,6.09,9.2,1365.86,0,12815,6.79
"352020","Igaratá",69,4.74,1.45,1599.79,0,10605,6.51
"354370","Rincão",67,4.12,7.46,1885.82,0,9098,7.36
"352115","Ipiguá",38,4.66,7.89,1769.06,0,6761,5.62
"352420","Jaborandi",29,4.86,13.79,1528.43,0,6221,4.66
"354460","Sabino",31,5.52,0,899.06,0,5112,6.06
"352120","Iporanga",16,11.13,12.5,11600.23,0,4046,3.95
"354840","Santópolis do Aguapeí",11,5.09,0,3936.67,0,3899,2.82
"350110","Alto Alegre",21,3.67,4.76,1091.56,0,3841,5.47
"355120","Sarutaiá",24,5.21,12.5,1167.38,0,3704,6.48
"354850","Santos",1414,5.89,8.84,2221.31,0,418608,3.38
"350450","Avaré",448,4.45,2.46,1607.76,0,92805,4.83
"351960","Ibitinga",362,4.14,3.59,1283.3,0,60033,6.03
"350590","Batatais",471,4.69,5.94,1880.27,0,58402,8.06
"350560","Barrinha",132,5.08,6.06,2020.3,0,32092,4.11
"352010","Igarapava",95,3.81,8.42,1075.79,0,26212,3.62
"352970","Miguelópolis",142,3.66,3.52,1287.73,0,19441,7.3
"354080","Potirendaba",137,4.2,5.11,1500.89,0,18496,7.41
"353900","Pirangi",79,3.8,5.06,1510.76,0,10885,7.26
"355000","São Luiz do Paraitinga",53,5.66,5.66,2712.75,0,10337,5.13
"350490","Bananal",24,6.54,16.67,770.92,0,9969,2.41
"354650","Santa Ernestina",35,3.31,8.57,1481.79,0,6118,5.72
"350910","Caiuá",19,4.05,0,630.74,0,5466,3.48
"353715","Pedrinhas Paulista",9,3.78,44.44,2639.29,0,2804,3.21
"351530","Estrela do Norte",15,9.07,6.67,960.43,0,2703,5.55
"354765","Santa Salete",14,2.71,7.14,892.3,0,1645,8.51
"355220","Sorocaba",2216,5.01,9.43,1888,0,723682,3.06
"352930","Matão",391,5.19,11.25,1718.5,0,79033,4.95
"350520","Bariri",211,3.48,7.58,844.67,0,31595,6.68
"351030","Capela do Alto",71,6.55,5.63,1612.44,0,22866,3.11
"353282","Nova Campina",12,5.17,8.33,1200.23,0,8497,1.41
"351780","Guaraçaí",47,3.81,2.13,1191.68,0,7441,6.32
"350310","Arandu",42,4.36,7.14,1078.57,0,6885,6.1
"352910","Marinópolis",19,7.11,5.26,4079.75,0,1860,10.22
"351500","Embu das Artes",1369,5.07,6.14,1419.48,0,250691,5.46
"354330","Ribeirão Pires",449,4.87,8.24,1390.73,0,115559,3.89
"353730","Penápolis",350,4.95,10,1692.12,0,61679,5.67
"355210","Socorro",281,3.83,7.12,1250.42,0,40122,7
"351240","Cordeirópolis",82,6.26,3.66,1769.64,0,24514,3.35
"352350","Itatinga",119,4.72,6.72,1946.03,0,19070,6.24
"354150","Presidente Venceslau",187,4.94,5.35,1308.27,0,35201,5.31
"351200","Colina",121,3.07,2.48,836.97,0,18486,6.55
"355610","Valentim Gentil",81,3.84,9.88,2056.08,0,14098,5.75
"355080","São Sebastião da Grama",93,5.28,6.45,1341.03,0,10441,8.91
"350340","Arealva",52,4.71,9.62,1395.53,0,8130,6.4
"355320","Taiúva",20,5.1,5,2094.85,0,6548,3.05
"353570","Paraíso",26,2.5,11.54,1469.19,0,6099,4.26
"354180","Queiroz",11,6.09,0,1294.68,0,3265,3.37
"350320","Araraquara",995,4.44,6.73,1545.73,0,242228,4.11
"351970","Ibiúna",330,4.72,10,1377.88,0,75605,4.36
"350030","Aguaí",151,4.85,8.61,1220.97,0,32072,4.71
"351160","Cesário Lange",100,4.57,14,1077.62,0,19048,5.25
"354500","Salesópolis",110,5.68,11.82,1597.52,0,15202,7.24
"353360","Nuporanga",33,5.24,9.09,1313.62,0,7391,4.46
"354790","Santo Antônio da Alegria",70,4.2,2.86,2162.67,0,6775,10.33
"354480","Sales",29,3.83,17.24,1618.39,0,6437,4.51
"354810","Santo Antônio do Jardim",39,10.97,0,5771.17,0,6126,6.37
"350020","Adolfo",41,5.49,17.07,1903.41,0,4351,9.42
"354025","Pontalinda",38,2.61,10.53,850.8,0,4127,9.21
"351330","Cruzália",11,4.55,0,482.91,0,2108,5.22
"353286","Nova Castilho",2,2,0,487.94,0,1062,1.88
"353440","Osasco",2967,5.45,7.65,1553.14,0,728615,4.07
"353070","Mogi Guaçu",644,6.31,6.68,1710.27,0,153658,4.19
"354520","Salto",442,4.68,10.86,1579.77,0,134319,3.29
"350790","Brotas",124,4.04,8.06,1101.46,0,23898,5.19
"351490","Elias Fausto",63,3.92,11.11,1383.62,0,17699,3.56
"355140","Serra Azul",66,7.23,10.61,3186.2,0,12746,5.18
"350930","Cajobi",61,4.11,13.11,1309.65,0,9133,6.68
"355495","Tuiuti",31,3.29,12.9,1441.34,0,6778,4.57
"350770","Braúna",20,5,0,2582.67,0,5356,3.73
"352770","Luiziânia",22,3.91,13.64,3261.99,0,4701,4.68
"350890","Caiabu",40,5.45,7.5,1442.65,0,3712,10.78
"355650","Várzea Paulista",358,3.73,7.54,1374.47,0,115771,3.09
"352680","Lençóis Paulista",363,4.41,5.79,1344.28,0,66505,5.46
"353030","Mirassol",363,4.85,1.93,2184.27,0,63337,5.73
"350970","Campos do Jordão",253,5.38,7.91,1126.49,0,46974,5.39
"351518","Espírito Santo do Pinhal",345,12.83,5.22,1726.92,0,39816,8.66
"350220","Angatuba",147,5.04,6.8,1386.28,0,24022,6.12
"354760","Santa Rosa de Viterbo",135,5.1,5.93,2338.92,0,23411,5.77
"350710","Bom Jesus dos Perdões",110,4.35,9.09,1592.01,0,22006,5
"351750","Guapiaçu",122,5.42,4.92,2677.09,0,21711,5.62
"354600","Santa Branca",61,3.61,6.56,1692.17,0,13975,4.36
"352290","Itapuí",56,5.09,12.5,1742.08,0,13659,4.1
"353720","Pedro de Toledo",41,4.44,14.63,817.08,0,11281,3.63
"351790","Guaraci",32,4.16,9.38,2205.98,0,10350,3.09
"353590","Paranapuã",33,4.67,15.15,2165.04,0,4031,8.19
"354610","Santa Clara d'Oeste",16,7.44,12.5,2017.42,0,2598,6.16
"354400","Rio das Pedras",139,3.77,11.51,1408.04,0,31328,4.44
"352990","Miracatu",98,4.19,8.16,1345.57,0,18553,5.28
"354425","Rosana",180,6.24,8.89,971.42,0,17440,10.32
"351760","Guapiara",82,3.51,3.66,824.12,0,17071,4.8
"350480","Bálsamo",69,6.52,1.45,2379.22,0,9596,7.19
"350640","Bilac",37,4.16,5.41,2159.95,0,7319,5.06
"352750","Lucianópolis",29,3.83,0,1144.26,0,2372,12.23
"353310","Nova Guataporanga",8,3.25,0,2128.34,0,2156,3.71
"352965","Mesópolis",14,4.71,7.14,822.31,0,1952,7.17
"351565","Fernão",9,5.78,11.11,936.06,0,1656,5.43
"354140","Presidente Prudente",1211,5.73,4.95,1443.19,0,225668,5.37
"350460","Bady Bassitt",178,5.29,3.93,2927.25,0,27260,6.53
"353475","Ouroeste",56,5.48,3.57,1752.06,0,10294,5.44
"353230","Natividade da Serra",33,3.58,0,1414.71,0,6999,4.71
"352830","Magda",14,3.43,7.14,1606.12,0,3165,4.42
"350280","Araçatuba",542,8.54,11.44,3449.91,0,200124,2.71
"350330","Araras",478,9.78,3.56,1538.86,0,130866,3.65
"354770","Santo Anastácio",188,4.6,5.32,1022.96,0,17963,10.47
"355680","Viradouro",92,2.96,6.52,1215.54,0,17414,5.28
"350670","Boa Esperança do Sul",74,4,4.05,2552.48,0,12978,5.7
"354540","Salto Grande",85,3.66,8.24,1118.4,0,9050,9.39
"351400","Dobrada",42,5.12,7.14,1431.71,0,8759,4.8
"350370","Ariranha",32,5.31,12.5,4462.56,0,7602,4.21
"350945","Campina do Monte Alegre",32,4.28,9.38,666.91,0,5954,5.37
"350315","Arapeí",11,4.55,9.09,1300.46,0,2330,4.72
"355170","Sertãozinho",560,4.37,4.64,1875.17,0,126887,4.41
"352210","Itanhaém",549,5.03,6.19,1433.41,0,112476,4.88
"353190","Morro Agudo",169,3.07,2.96,1302.81,0,27933,6.05
"355430","Teodoro Sampaio",177,5,2.82,861.53,0,22173,7.98
"353020","Mirante do Paranapanema",85,5.94,4.71,1618.24,0,15917,5.34
"350200","Analândia",21,4.67,9.52,1184.11,0,4589,4.58
"351610","Florínea",15,11.2,13.33,2012.5,0,3851,3.9
"355620","Valinhos",362,5.27,11.33,1838.56,0,126373,2.86
"350250","Aparecida",242,4.99,7.85,1665.34,0,32569,7.43
"351000","Cândido Mota",163,5.03,8.59,1675.66,0,29449,5.53
"351515","Engenheiro Coelho",68,5.74,10.29,2561.77,0,19566,3.48
"354995","São Lourenço da Serra",84,2.82,7.14,1196.28,0,16067,5.23
"355180","Sete Barras",72,5.47,12.5,1071.1,0,12730,5.66
"353480","Ouro Verde",46,5.96,4.35,1513.29,0,7779,5.91
"354105","Pratânia",34,6.5,2.94,2218.56,0,5126,6.63
"352780","Lupércio",8,6,25,736.59,0,3981,2.01
"350090","Altair",28,3.75,7.14,3009.42,0,3451,8.11
"350395","Aspásia",12,4.58,16.67,1999.7,0,1842,6.51
"355280","Taboão da Serra",1298,5.45,5.78,1580.82,0,273542,4.75
"354680","Santa Isabel",321,5.89,9.66,1354.21,0,53174,6.04
"353130","Monte Alto",235,5.09,6.81,2305.73,0,47574,4.94
"350530","Barra Bonita",184,4.38,13.59,1156.11,0,34346,5.36
"353890","Pirajuí",150,4.95,8.67,903.71,0,22431,6.69
"354430","Roseira",59,4,1.69,1123.88,0,10832,5.45
"351700","Getulina",48,7.1,6.25,1311,0,10232,4.69
"351950","Ibirarema",44,7.84,4.55,4169.42,0,6385,6.89
"351015","Canitar",23,4.13,8.7,1269.95,0,6283,3.66
"352960","Meridiano",15,2.8,13.33,1027.91,0,4572,3.28
"350430","Avaí",35,6.26,2.86,2589.69,0,4483,7.81
"352820","Macedônia",14,4.93,0,662.79,0,3963,3.53
"352540","Jeriquara",16,2.94,6.25,1273.46,0,3863,4.14
"354550","Sandovalina",41,5.98,0,875.72,0,3645,11.25
"355255","Suzanápolis",19,2.16,15.79,1328.97,0,3408,5.58
"350060","Águas de São Pedro",19,2.05,0,784.91,0,2780,6.83
"350410","Atibaia",608,4.86,8.39,1257.85,0,158647,3.83
"352000","Igaraçu do Tietê",90,5.57,14.44,1280.21,0,23106,3.9
"355720","Chavantes",109,3.18,6.42,795.7,0,12211,8.93
"350540","Barra do Turvo",34,6.24,2.94,2163.99,0,6876,4.94
"352630","Lagoinha",30,4.27,6.67,2932.74,0,5083,5.9
"353040","Mirassolândia",30,5.83,6.67,1830.21,0,4669,6.43
"351090","Cássia dos Coqueiros",18,2.56,11.11,1702.12,0,2799,6.43
"355715","Zacarias",27,6.07,7.41,2004.27,0,2692,10.03
"354930","São João do Pau d'Alho",16,10.63,12.5,1562.12,0,2242,7.14
"353060","Mogi das Cruzes",1881,6.28,7.81,1788.01,0,451505,4.17
"353350","Novo Horizonte",231,4.51,9.52,2290.86,0,38324,6.03
"350050","Águas de Lindóia",157,4.33,7.64,873.51,0,17930,8.76
"351430","Dourado",26,4.38,23.08,1838.74,0,8096,3.21
"354690","Santa Lúcia",34,3.85,8.82,1691.05,0,7149,4.76
"354820","Santo Antônio do Pinhal",30,9.53,10,3110.31,0,7133,4.21
"354320","Ribeirão do Sul",25,5.76,0,3041.93,0,4677,5.35
"351300","Cotia",1125,4.62,6.22,1433.92,0,274413,4.1
"354580","Santa Bárbara d'Oeste",611,4.57,4.26,1489.5,0,183347,3.33
"354940","São Joaquim da Barra",175,4.26,5.71,1351.78,0,48558,3.6
"352520","Jarinu",190,3.74,4.74,1306.74,0,37535,5.06
"350925","Cajati",160,5.13,6.25,1314.95,0,28515,5.61
"355050","São Pedro do Turvo",48,2.77,4.17,1565.24,0,7217,6.65
"353420","Orindiúva",25,3.76,0,1351.63,0,6024,4.15
"350120","Álvares Florence",20,3.55,5,1572.91,0,3915,5.11
"350715","Bom Sucesso de Itararé",8,5,25,3116.94,0,3555,2.25
"351650","Gabriel Monteiro",3,1.67,0,267.49,0,2763,1.09
"353215","Nantes",31,4.61,6.45,1723.62,0,2660,11.65
"353390","Olímpia",263,4.3,7.22,1744.43,0,55074,4.78
"351140","Cerqueira César",145,4.93,8.28,1453.42,0,21469,6.75
"352330","Itariri",63,7.05,15.87,2079.69,0,15528,4.06
"355110","Sarapuí",42,6.62,21.43,1614.61,0,10369,4.05
"351210","Colômbia",34,3.74,11.76,1426.43,0,6629,5.13
"354510","Salmourão",28,4.39,3.57,763.05,0,4808,5.82
"353325","Novais",19,7.53,10.53,3467.49,0,4412,4.31
"353830","Piquerobi",24,5.54,4.17,1302.34,0,3264,7.35
"353470","Ourinhos",552,4.43,8.33,2225.79,0,103970,5.31
"352180","Itaí",85,8,5.88,2255.33,0,25180,3.38
"354090","Pradópolis",66,6.44,6.06,1886.86,0,17078,3.86
"354490","Sales Oliveira",54,2.96,0,1555.11,0,11411,4.73
"354950","São José da Bela Vista",28,5.89,10.71,2322.29,0,7626,3.67
"350040","Águas da Prata",46,7.41,2.17,1763.16,0,7369,6.24
"351810","Guarantã",30,8.87,6.67,1147.86,0,6427,4.67
"354440","Rubiácea",8,14.88,12.5,1495.42,0,2700,2.96
"355530","Turmalina",10,3.4,10,1708.93,0,1669,5.99
"355030","São Paulo",46260,6.44,6.87,1834.03,0,11451999,4.04
"351570","Ferraz de Vasconcelos",641,6.05,9.2,1588.83,0,179198,3.58
"350400","Assis",468,4.57,5.77,1640.97,0,101409,4.61
"354630","Santa Cruz das Palmeiras",120,3.55,5.83,1248.46,0,28864,4.16
"352980","Mineiros do Tietê",45,5.49,4.44,1707.28,0,11230,4.01
"352650","Lavínia",33,7.55,9.09,1290,0,9689,3.41
"352450","Jaci",180,24.41,1.11,2086.81,0,7613,23.64
"353410","Oriente",17,4.88,0,1026,0,6085,2.79
"354010","Pongaí",31,6.26,6.45,2501.03,0,3395,9.13
"351550","Fernandópolis",286,5.44,6.64,1741.04,0,71186,4.02
"353180","Monte Mor",232,6.1,8.19,1793.33,0,64662,3.59
"350700","Boituva",270,3.9,9.63,1025.76,0,61081,4.42
"350210","Andradina",256,4.04,11.33,1044.05,0,59783,4.28
"355370","Taquaritinga",318,3.6,4.09,810.41,0,52260,6.08
"354970","São José do Rio Pardo",319,4.57,6.27,1266.46,0,52205,6.11
"355450","Tietê",211,4.09,7.58,842.06,0,37663,5.6
"352360","Itirapina",89,4.35,6.74,1465.92,0,16148,5.51
"353490","Pacaembu",41,8.78,14.63,1720.86,0,14877,2.76
"350420","Auriflama",92,3.53,6.52,1472.2,0,13692,6.72
"355350","Tapiraí",29,7.03,10.34,1900.58,0,7996,3.63
"352490","Jambeiro",16,3.88,0,1002.95,0,6397,2.5
"353770","Piacatu",24,4.42,0,1573.22,0,5519,4.35
"350080","Alfredo Marcondes",39,7.44,7.69,1623.06,0,4445,8.77
"352300","Itapura",24,4.96,8.33,600.25,0,3979,6.03
"354030","Pontes Gestal",16,6,6.25,3105.73,0,2387,6.7
"352940","Mauá",1346,5.96,6.46,1550.16,0,418261,3.22
"354890","São Carlos",1000,5.32,8,2565.32,0,254857,3.92
"352530","Jaú",747,7.34,7.5,1661.54,0,133497,5.6
"353710","Pedreira",190,5.58,10.53,1623.98,0,43112,4.41
"355640","Vargem Grande do Sul",276,3.96,6.16,1052.4,0,40133,6.88
"354075","Potim",108,5.7,7.41,2263.89,0,20392,5.3
"353820","Pinhalzinho",67,4.63,10.45,1933.93,0,15224,4.4
"354380","Rinópolis",66,4,7.58,790.28,0,9259,7.13
"354470","Sagres",8,4.63,0,450.68,0,2474,3.23
"355460","Timburi",28,6.5,0,2170.21,0,2464,11.36
"351380","Diadema",2046,5.65,5.62,1392.66,0,393237,5.2
"353110","Mongaguá",317,5.27,7.26,923.04,0,61951,5.12
"351280","Cosmópolis",166,6.12,1.2,1817.18,0,59773,2.78
"351440","Dracena",260,5.43,4.23,1700.05,0,45474,5.72
"351740","Guaíra",210,3.41,5.71,1408.94,0,39279,5.35
"351370","Descalvado",123,3.15,6.5,1512.99,0,31756,3.87
"353910","Pirapora do Bom Jesus",92,7.05,4.35,1489.77,0,18370,5.01
"353150","Monte Azul Paulista",125,4.74,8,1547.07,0,18151,6.89
"355395","Tarumã",58,4.91,6.9,2041.36,0,14882,3.9
"351720","Guaiçara",56,5.02,7.14,1031.53,0,11239,4.98
"354210","Rafard",34,3.94,5.88,1043.04,0,8965,3.79
"351990","Iepê",65,3.58,4.62,784.14,0,7619,8.53
"353270","Nipoã",41,3.22,4.88,1067.07,0,4750,8.63
"352070","Indiaporã",31,5.52,3.23,1194.89,0,4035,7.68
"352430","Jaboticabal",338,4.49,6.8,1793.78,0,71821,4.71
"355040","São Pedro",212,3.55,4.72,1141.94,0,38256,5.54
"351830","Guararema",152,4.06,8.55,914.03,0,31236,4.87
"352640","Laranjal Paulista",178,4.07,6.18,1266.27,0,26261,6.78
"355635","Vargem",43,4.86,13.95,1497.86,0,10512,4.09
"351690","General Salgado",81,3.46,1.23,1171.53,0,10312,7.85
"354420","Riolândia",55,4.38,5.45,1264.29,0,10309,5.34
"352110","Ipeúna",23,3.83,4.35,2014.57,0,6831,3.37
"351890","Guzolândia",28,2.82,0,522.39,0,4246,6.59
"352900","Marília",1369,7.83,8.77,2306.77,0,237627,5.76
"350070","Agudos",212,6.49,6.6,1438.64,0,37680,5.63
"351860","Guariba",166,4.55,10.24,1538.05,0,37498,4.43
"351540","Fartura",80,3.9,8.75,1348.7,0,16641,4.81
"355360","Tapiratiba",54,6.87,16.67,2642.69,0,11816,4.57
"351390","Divinolândia",266,17.95,1.5,1617.77,0,11158,23.84
"354270","Restinga",42,3.31,2.38,1656.63,0,6404,6.56
"351685","Gavião Peixoto",26,5.15,7.69,3008.64,0,4702,5.53
"355365","Taquaral",13,2.92,0,1244.44,0,2619,4.96
"355570","União Paulista",17,5.06,17.65,1154.24,0,1603,10.61
"351060","Carapicuíba",1814,5.16,5.95,1427.3,0,386984,4.69
"355070","São Sebastião",607,4.22,5.11,1149.16,0,81595,7.44
"351770","Guará",72,4.85,4.17,1998.62,0,18606,3.87
"352042","Ilha Comprida",90,4.31,10,1288.45,0,13419,6.71
"351130","Cedral",56,4.04,8.93,1564.89,0,12618,4.44
"353250","Neves Paulista",70,4.77,5.71,1931.93,0,9699,7.22
"354190","Queluz",74,5.43,2.7,1894.9,0,9159,8.08
"354325","Ribeirão Grande",36,3.78,2.78,1081.22,0,7450,4.83
"353657","Paulistânia",17,5.41,0,790.27,0,2090,8.13
"352250","Itapevi",1037,5.73,6.56,1402.09,0,232297,4.46
"355400","Tatuí",521,4.96,8.64,1606.91,0,123942,4.2
"351150","Cerquilho",106,3.92,7.55,1353.89,0,44695,2.37
"350940","Cajuru",282,4.7,3.19,1480.76,0,23830,11.83
"352600","Junqueirópolis",151,4.84,7.28,1163.22,0,20448,7.38
"351910","Iacanga",84,5.49,4.76,1310.8,0,10437,8.05
"352810","Macaubal",46,3.43,6.52,1365.01,0,7481,6.15
"350300","Aramina",32,4.91,21.88,3780.58,0,5420,5.9
"355535","Ubarana",41,5.1,0,1899.6,0,5365,7.64
"353400","Onda Verde",34,3.09,0,1431.85,0,4771,7.13
"353284","Nova Canaã Paulista",10,9.4,0,811.56,0,2032,4.92
"351880","Guarulhos",5078,8.65,9.18,1575.96,0,1291771,3.93
"353800","Pindamonhangaba",618,6.09,7.28,1686.34,0,165428,3.74
"351640","Franco da Rocha",663,6.36,6.18,1480.17,0,144849,4.58
"352500","Jandira",418,4.86,4.31,1108.61,0,118045,3.54
"353650","Paulínia",535,4.97,3.18,1341.86,0,110537,4.84
"350960","Campo Limpo Paulista",348,3.61,11.78,1041.6,0,77632,4.48
"353460","Osvaldo Cruz",170,5.57,7.06,1055.76,0,31272,5.44
"353530","Palmital",159,5.6,5.66,1547.41,0,19594,8.11
"351480","Eldorado",51,4.47,7.84,1143.09,0,13069,3.9
"354515","Saltinho",41,3.76,7.32,1152.92,0,8161,5.02
"351535","Euclides da Cunha Paulista",85,4.28,7.06,1047.35,0,7924,10.73
"350180","Américo de Campos",20,3.75,5,1125.97,0,5870,3.41
"351250","Coroados",35,6.77,2.86,2263.16,0,5400,6.48
"354830","Santo Expedito",31,6.26,3.23,1118.57,0,3000,10.33
"351010","Cândido Rodrigues",12,3.83,8.33,909.98,0,2889,4.15
"354780","Santo André",3153,4.65,7.83,1680.44,0,748919,4.21
"353080","Mogi Mirim",370,9.06,3.78,1622.71,0,92558,4
"352740","Lucélia",150,6.91,8,1209.38,0,20061,7.48
"355190","Severínia",57,3.61,8.77,1831.29,0,14576,3.91
"352380","Itobi",57,4.51,5.26,1497.05,0,8046,7.08
"355230","Sud Mennucci",38,4.79,2.63,1051.46,0,7355,5.17
"352150","Irapuã",35,4.11,14.29,2253.42,0,6867,5.1
"350980","Campos Novos Paulista",37,6.84,10.81,2177.93,0,4888,7.57
"353430","Orlândia",274,3.09,2.55,1057.2,0,38319,7.15
"354670","Santa Gertrudes",64,5.22,6.25,3178.14,0,23611,2.71
"355600","Urupês",88,4,5.68,1977.57,0,13744,6.4
"352860","Manduri",32,5.09,9.38,2536.4,0,9871,3.24
"352660","Lavrinhas",47,5.72,10.64,1472.17,0,7171,6.55
"351920","Iacri",30,3.97,10,1598.69,0,6131,4.89
"351560","Fernando Prestes",16,3.44,12.5,2916,0,5942,2.69
"351730","Guaimbê",19,9.47,0,1945.92,0,5512,3.45
"353450","Oscar Bressane",8,3.25,0,497.47,0,2470,3.24
"353930","Pirassununga",222,5.66,11.26,1425.1,0,73545,3.02
"351670","Garça",274,10.24,7.3,1593.38,0,42110,6.51
"352030","Iguape",105,3.7,6.67,1082.4,0,29115,3.61
"353940","Piratininga",96,7.81,5.21,1618.22,0,15108,6.35
"352090","Ipaussu",92,5.96,11.96,1909.96,0,13712,6.71
"354310","Ribeirão Corrente",21,2.1,9.52,1197.41,0,4608,4.56
"351680","Gastão Vidigal",23,4.43,4.35,916.77,0,3252,7.07
"355590","Uru",16,6.25,6.25,2515.12,0,1387,11.54
"351050","Caraguatatuba",982,4.59,6.82,1307.91,0,134873,7.28
"350550","Barretos",686,6.18,7,2328.51,0,122485,5.6
"352510","Jardinópolis",258,4.62,4.26,1844.79,0,45282,5.7
"350870","Caconde",150,8.17,6.67,1045.24,0,17101,8.77
"352190","Itajobi",129,3.99,9.3,2355.02,0,16989,7.59
"353700","Pedregulho",78,3.69,6.41,1276.93,0,15525,5.02
"351450","Duartina",88,3.83,6.82,781.67,0,12328,7.14
"353750","Pereiras",33,6.45,3.03,3012.37,0,8737,3.78
"353990","Poloni",43,3.88,0,1422.33,0,5592,7.69
"350470","Balbinos",12,5.58,0,593.63,0,3887,3.09
"355475","Trabiju",7,2.86,0,566,0,1682,4.16
"352310","Itaquaquecetuba",1460,6.21,7.26,1373.1,0,369275,3.95
"350750","Botucatu",941,5.74,4.25,2444.48,0,145155,6.48
"352730","Louveira",255,3.89,6.27,881.25,0,51847,4.92
"351905","Holambra",51,5.37,7.84,1790.18,0,15094,3.38
"353260","Nhandeara",88,7.53,12.5,1497.98,0,9852,8.93
"351320","Cristais Paulista",42,3.62,7.14,1915.58,0,9272,4.53
"354250","Reginópolis",32,9.38,18.75,2488.64,0,7662,4.18
"350230","Anhembi",33,4.12,3.03,3176.13,0,5674,5.82
"352725","Lourdes",9,3,11.11,1497.74,0,1950,4.62
"351630","Francisco Morato",896,5.61,7.03,1041.63,0,165139,5.43
"353860","Piracaia",148,4.44,13.51,1616.52,0,26029,5.69
"350780","Brodowski",150,4.8,8.67,2151.49,0,25201,5.95
"354000","Pompéia",75,5.15,2.67,1022.33,0,20196,3.71
"352880","Maracaí",65,8.62,6.15,2524.01,0,12673,5.13
"351885","Guatapará",42,6.55,2.38,2456.04,0,7320,5.74
"352950","Mendonça",47,6.17,2.13,2809.97,0,6159,7.63
"351260","Coronel Macedo",34,3.47,14.71,634.71,0,4280,7.94
"351710","Glicério",25,3.28,4,1568.6,0,4138,6.04
"354360","Rifaina",26,1.31,0,697,0,4049,6.42
"350240","Anhumas",25,3.4,8,996.76,0,4023,6.21
"354110","Presidente Alves",22,6.36,9.09,1705.57,0,3804,5.78
"354900","São Francisco",24,3.25,4.17,949.54,0,2602,9.22
"351800","Guarani d'Oeste",9,3.67,11.11,880.22,0,1968,4.57
"355250","Suzano",971,5.55,6.49,1650.83,0,307429,3.16
"351930","Ibaté",168,4.21,7.14,2022.93,0,32178,5.22
"353200","Morungaba",86,2.42,5.81,1060.62,0,13720,6.27
"350440","Avanhandava",68,6.34,7.35,1653.71,0,11263,6.04
"353280","Nova Aliança",45,6.73,4.44,2909.91,0,6693,6.72
"350830","Cabrália Paulista",43,3.16,4.65,598.12,0,4299,10
"353330","Nova Luzitânia",17,6.35,0,1428.58,0,2837,5.99
"351907","Hortolândia",813,5.52,9.1,2060.64,0,236641,3.44
"353950","Pitangueiras",188,3.44,2.13,1117.62,0,33674,5.58
"350290","Araçoiaba da Serra",92,4.39,7.61,1259.42,0,32443,2.84
"355340","Tanabi",245,4.82,6.12,1958.82,0,25265,9.7
"355630","Valparaíso",82,4.71,4.88,1795.76,0,24241,3.38
"351360","Cunha",170,4.47,8.24,1091.78,0,22110,7.69
"353560","Paraibuna",74,4.95,10.81,1894.36,0,17667,4.19
"352460","Jacupiranga",87,4.94,4.6,1405.87,0,16097,5.4
"351170","Charqueada",110,4.2,8.18,1126.7,0,15535,7.08
"353810","Pindorama",66,6.59,7.58,2947.59,0,14542,4.54
"354120","Presidente Bernardes",139,4.28,5.04,1109.99,0,14490,9.59
"355470","Torrinha",37,5.7,5.41,1726.91,0,9335,3.96
"354200","Quintana",31,5.06,9.68,1138.39,0,7038,4.4
"354350","Riversul",12,9.42,8.33,5407.43,0,5599,2.14
"350350","Areias",20,5.6,20,1089.82,0,3577,5.59
"352885","Marapoama",16,6.88,6.25,1161.19,0,3292,4.86
"350150","Alvinlândia",20,5.35,15,697.19,0,2885,6.93
"350570","Barueri",2659,3.86,4.55,1093.37,0,316473,8.4
"351110","Catanduva",519,6.74,6.74,2671.33,0,115791,4.48
"350130","Álvares Machado",189,5.87,4.23,1380.97,0,27255,6.93
"351980","Icém",51,4.84,7.84,3290.99,0,7819,6.52
"350140","Álvaro de Carvalho",28,7.11,3.57,1765.86,0,4808,5.82
"353205","Motuca",21,2.1,0,868.98,0,4034,5.21
"352215","Itaoca",18,2.72,11.11,595.23,0,3422,5.26
"354323","Ribeirão dos Índios",22,7.77,4.55,1883.94,0,2025,10.86
"355240","Sumaré",935,5.46,4.17,2063,0,279545,3.34
"353780","Piedade",295,4.13,11.19,880.37,0,52970,5.57
"350380","Artur Nogueira",116,6.72,0,2532.26,0,51456,2.25
"355150","Serrana",237,4.45,5.91,1818.26,0,43909,5.4
"354800","Santo Antônio de Posse",88,6.16,1.14,1962.87,0,23244,3.79
"354560","Santa Adélia",85,5.91,5.88,2017.61,0,14018,6.06
"355310","Taiaçu",27,5.67,11.11,2725.42,0,5677,4.76
"354620","Santa Cruz da Conceição",20,4.15,5,1245.62,0,4277,4.68
"352670","Leme",477,4.95,9.01,1197.68,0,98161,4.86
"355645","Vargem Grande Paulista",248,3.6,6.45,1187.94,0,50415,4.92
"354220","Rancharia",178,3.75,10.11,1497.55,0,28588,6.23
"350275","Araçariguama",85,5.11,1.18,1891.28,0,21522,3.95
"351900","Herculândia",96,4.73,5.21,1000.96,0,9125,10.52
"355580","Urânia",74,4.03,4.05,1410.02,0,8833,8.38
"350055","Águas de Santa Bárbara",37,5.7,2.7,2203.95,0,7177,5.16
"352370","Itirapuã",22,4,4.55,2327.22,0,5779,3.81
"353960","Planalto",23,3.78,4.35,2603.77,0,4389,5.24
"352890","Mariápolis",22,5.32,9.09,636.64,0,3513,6.26
"354740","Santa Rita d'Oeste",15,4.07,6.67,2178.84,0,2733,5.49
"351385","Dirce Reis",9,14,11.11,2064.91,0,1620,5.56
"350650","Birigui",436,5.86,5.28,2050.14,0,118979,3.66
"353980","Poá",361,5.57,9.42,1368.45,0,103765,3.48
"351340","Cruzeiro",435,6.68,13.33,1951.52,0,74961,5.8
"353880","Piraju",143,4.64,6.99,1830.97,0,29436,4.86
"355510","Tupi Paulista",97,4.33,4.12,1666.96,0,15854,6.12
"353850","Piquete",53,4.62,7.55,1436.8,0,12490,4.24
"353290","Nova Europa",40,2.28,7.5,1531.24,0,9311,4.3
"352700","Lindóia",45,4.33,2.22,1791.64,0,7014,6.42
"351120","Catiguá",32,10.84,0,2865.6,0,7003,4.57
"351190","Clementina",27,2.63,7.41,525.77,0,6982,3.87
"352585","Jumirim",12,5.58,0,675.38,0,3056,3.93
"353970","Platina",11,9.27,9.09,2910.02,0,3025,3.64
"351590","Floreal",17,4.29,11.76,1294.55,0,2733,6.22
"350620","Bento de Abreu",4,2.75,0,1482.12,0,2606,1.53
"350335","Arco-Íris",12,10.08,8.33,2560.2,0,2044,5.87
"355060","São Roque",343,4.56,10.5,1122.87,0,79484,4.32
"352100","Iperó",96,5.29,7.29,2042.28,0,36459,2.63
"351410","Dois Córregos",162,5.17,5.56,1044.68,0,24510,6.61
"353120","Monte Alegre do Sul",40,4.68,7.5,1722.63,0,8627,4.64
"355440","Terra Roxa",57,4.95,10.53,1590.08,0,7904,7.21
"354570","Santa Albertina",32,6.47,15.63,3543.83,0,6393,5.01
"353220","Narandiba",30,4.43,6.67,1094.06,0,5713,5.25
"355695","Vitória Brasil",21,4.62,4.76,1401.7,0,1794,11.71
"350950","Campinas",4649,5.94,6.07,2199.27,0,1139047,4.08
"350900","Caieiras",421,4.77,4.99,877.9,0,95032,4.43
"354070","Porto Ferreira",255,3.52,9.8,1331.8,0,52649,4.84
"354640","Santa Cruz do Rio Pardo",354,4.4,7.34,1539.83,0,46442,7.62
"353010","Mirandópolis",157,5.78,9.55,1070.23,0,27983,5.61
"352044","Ilha Solteira",150,5.79,10.67,1193.9,0,25549,5.87
"350680","Bocaina",49,6.27,14.29,1267.06,0,11259,4.35
"351460","Dumont",51,4.06,5.88,1810.18,0,9471,5.38
"351520","Estrela d'Oeste",44,4.27,6.82,985.38,0,9417,4.67
"350775","Brejo Alegre",4,2,0,462.6,0,2565,1.56
"352710","Lins",372,5.93,11.29,1202.22,0,74779,4.97
"352480","Jales",294,5.19,6.8,2248.63,0,48776,6.03
"353670","Pederneiras",205,5.89,7.8,1733.83,0,44827,4.57
"355380","Taquarituba",186,3.59,7.53,1266.35,0,24350,7.64
"353540","Panorama",80,6.3,3.75,1227.36,0,14964,5.35
"350740","Borborema",110,3.93,11.82,1714.12,0,14226,7.73
"351925","Iaras",29,4.97,3.45,2504.15,0,8010,3.62
"352265","Itapirapuã Paulista",23,3.09,4.35,744.41,0,4306,5.34
"354920","São João das Duas Pontes",19,4.21,5.26,894.11,0,2580,7.36
"354085","Pracinha",6,4.33,16.67,1168.35,0,2578,2.33
"350920","Cajamar",316,6.16,6.01,1210.83,0,92689,3.41
"353050","Mococa",279,4.75,6.09,1308.41,0,67681,4.12
"355480","Tremembé",150,6.78,5.33,1493.16,0,51173,2.93
"352570","José Bonifácio",242,4.39,9.5,2046.45,0,36633,6.61
"354160","Promissão",205,4.92,8.29,1115.31,0,35131,5.84
"352920","Martinópolis",200,4.89,5.5,979.09,0,24881,8.04
"355330","Tambaú",120,5.85,4.17,1029.61,0,21435,5.6
"353320","Nova Independência",21,5,19.05,1711.2,0,4609,4.56
"352560","João Ramalho",22,5.27,0,1310.74,0,4371,5.03
"353090","Mombuca",12,4.5,8.33,724.43,0,3722,3.22
"354280","Ribeira",16,5.19,6.25,3168.8,0,3132,5.11
"355130","Sebastianópolis do Sul",17,3.24,11.76,1150.23,0,3130,5.43
